company,location,post_date,person_names,source,linkedin_url,content
T-Mobile,Hyderabad,2026-06-04T11:29:51.252Z,,ollama_qwen,https://www.linkedin.com/posts/gcc-marketwatch_tmobile-hyderabad-globaltechnologycentre-activity-7468262741779177476-I7mF,"T-Mobile US has launched its new Global Technology Centre in Hyderabad, further strengthening its India footprint and deepening its investment in engineering, AI, DevOps, analytics, and cybersecurity. The move reflects how global telecom leaders are increasingly turning to India for innovation, scale, and future-ready digital capabilities.
With Hyderabad emerging as a major hub for global tech and capability building, this expansion adds another strong signal of the city’s growing importance in the global enterprise landscape.
#TMobile #Hyderabad #GlobalTechnologyCentre #GCC #GlobalCapabilityCentre #Telecom #AI #DevOps #Cybersecurity"
ANSR,Hyderabad,2026-06-03T03:53:32.074Z,Lalit Ahuja; Vikram Ahuja; Harish Gudi; Lokesh Nara; Smitha Hemmigae,ollama_qwen,https://www.linkedin.com/posts/gcc-marketwatch_americanairlines-hyderabad-gcc-activity-7467785517317795841-7HWG,"American Airlines is set to double its Hyderabad technology hub workforce to around 800 by early 2027, underscoring how global companies continue to scale their India operations for software engineering, AI, and cybersecurity. The hub, launched in 2024 in partnership with ANSR, has quickly become an important part of the airline’s global technology network.
This move adds further momentum to Hyderabad’s growing role as a major destination for global capability and tech-led expansion.
#AmericanAirlines #Hyderabad #GCC #GlobalCapabilityCentre #IndiaTech #AI #Cybersecurity #Engineering #TechHub"
Nestlé,Hyderabad,2026-06-02T09:37:01.409Z,,ollama_qwen,https://www.linkedin.com/posts/gcc-marketwatch_nestle-hyderabad-gcc-activity-7467509571268501504-1064,"Nestlé has selected Hyderabad for its new Global Capability Centre, adding another major global brand to the city’s fast-growing GCC ecosystem. The upcoming centre, expected to become operational in the coming months, will support a range of global business functions and capabilities.
This move further strengthens Hyderabad’s position as one of India’s leading GCC destinations and reflects the continued confidence multinational companies have in the city’s talent pool and business environment.
#Nestle #Hyderabad #GCC #GlobalCapabilityCentre #IndiaTech #FMCG #BusinessOperations #CapabilityBuilding #InnovationEcosystem"
ArcelorMittal,Hyderabad,2026-02-27T06:05:15.802Z,Rohit Gupta; Sriniketh Chakravarthi,ollama_qwen,https://www.linkedin.com/posts/gcc-marketwatch_arcelormittal-globalcapabilitycenters-digitaltransformation-activity-7433029432858230784-9lbs,"ArcelorMittal, the world’s leading steel and mining company, has launched its new ArcelorMittal Global Business & Technologies (AMGBT) GCCs in Pune and Hyderabad, India, designed as strategic hubs to deliver integrated technology, digital innovation, and global business services across the organization. These centres will support functions such as digital tech, IT infrastructure, data & analytics, cybersecurity, finance, procurement, HR and project management, driving standardization, advanced analytics and scalable platforms for global impact. With a strong focus on India’s deep talent ecosystem, AMGBT aims to hire about 2,000 professionals, foster innovation, enhance operational efficiency and strengthen ArcelorMittal’s global capabilities.
#ArcelorMittal #GlobalCapabilityCenters #DigitalTransformation #TechTalentIndia #InnovationHub #BusinessGrowth"
Mint,,2026-05-26T09:40:03.950Z,Rohit Gupta; Sriniketh Chakravarthi,ollama_qwen,https://www.linkedin.com/posts/gcc-marketwatch_gcc-globalcapabilitycentres-ai-activity-7464973621841711106-j-f-,"India's GCCs are hiring - but not like before.

As AI reshapes roles across industries, global companies are becoming more selective, more deliberate, and more demanding about the kind of talent they're bringing in. The era of high-volume GCC hiring is giving way to something more targeted: specialists in AI, cybersecurity, and advanced tech capabilities that are increasingly hard to find and fiercely contested.
The numbers still tell an expansive story. By FY26, India is expected to be home to 2,117 GCCs - employing 2.36 million people and generating $100 billion in revenue. The foundation is strong. But the talent calculus is shifting fast.
""There's a lot of need around niche talents in the space of AI, cybersecurity,"" the newly appointed head of Daimler Truck Innovation Center India told Reuters. ""It is difficult to find the right talent... it is challenging.""
For GCC leaders, the challenge isn't ambition. It's execution - finding people with the right mix of technical expertise and adaptability in a market where everyone is looking for the same profiles.
The companies that crack this will define what the next chapter of India's GCC story looks like.
#GCC #GlobalCapabilityCentres #AI #TalentStrategy #India #FutureOfWork #GCCLeadership

Mint"
Warner Bros. Discovery,Hyderabad,2026-05-16T05:18:29.688Z,Jaideep Agarwal; Lokesh Nara,ollama_qwen,https://www.linkedin.com/posts/gcc-marketwatch_hyderabad-gcc-globalcapabilitycenter-activity-7461283916679667712-3jTn,"Warner Bros. Discovery has expanded its Hyderabad presence with the inauguration of its second office in the city, reinforcing India’s growing role in its global operations. The move reflects the company’s continued investment in technology, innovation, and talent, while strengthening its strategic hub in Hyderabad.
A strong signal of how global enterprises are deepening their India footprint through capability-led growth.
#Hyderabad #GCC #GlobalCapabilityCenter #IndiaTech #Innovation #DigitalTransformation #Talent #CapabilityBuilding"
New York-based Pico Technology,Hyderabad,2026-04-13T05:48:22.697Z,Duddilla Sridhar Babu,ollama_qwen,https://www.linkedin.com/posts/gcc-marketwatch_picotechgcc-hyderabadtech-gccexpansion-activity-7449332637539901440-Pcg8,"New York-based Pico Technology has expressed keen interest to establish its Global Capability Center in Hyderabad, following discussions with Telangana IT Minister Duddilla Sridhar Babu. The low-latency trading solutions provider aims to leverage the city's thriving tech ecosystem and engineering talent for product innovation, AI-driven platforms, and high-frequency trading development to power global fintech operations. Minister Sridhar Babu highlighted state incentives and infrastructure readiness, positioning Hyderabad as a prime GCC destination amid India's booming tech surge.
#PicoTechGCC #HyderabadTech #GCCExpansion #FintechIndia #TelanganaIT"
Coastal Karnataka,Mangaluru,2026-04-20T09:27:19.365Z,Sriniketh Chakravarthi,ollama_qwen,https://www.linkedin.com/posts/gcc-marketwatch_gcc-coastalkarnataka-mangaluru-activity-7451924451778076672-Gulj,"Coastal Karnataka is steadily positioning itself as a serious contender in India’s GCC landscape.
With the launch of BaseCamp under the Silicon Beach Program, the region is creating a more accessible path for companies to build smaller, scalable capability centres closer to emerging talent pools.
This is exactly the kind of decentralised growth India needs - one that strengthens the broader tech ecosystem beyond the usual hubs and opens up new possibilities for innovation, jobs, and investment.
A strong step forward for Mangaluru and for the future of distributed capability building.
#GCC #CoastalKarnataka #Mangaluru #SiliconBeach #BaseCamp #IndiaTech #CapabilityCentres #InnovationEcosystem"
The Standard,Bengaluru,2026-04-22T05:50:15.784Z,Greg Chandler; Mohua Sengupta,linkedin_metadata,https://www.linkedin.com/posts/gcc-marketwatch_thestandard-bengaluru-gcc-activity-7452594602651377664-WP_P,"The Standard’s expansion in Bengaluru is another strong signal of India’s growing role in global capability building.
With its second GCC in the city, the US insurance and financial services firm is deepening its commitment to India as a strategic hub for AI, cloud, data, and digital transformation. The move also reflects the continued confidence global enterprises have in Bengaluru’s talent depth and innovation ecosystem.
As GCCs evolve beyond scale into higher-value capabilities, India remains at the centre of that transformation.
#TheStandard #Bengaluru #GCC #GlobalCapabilityCentre #IndiaTech #AI #Cloud #Data #DigitalTransformation #Insurance #CapabilityBuilding #InnovationEcosystem
 
Greg Chandler Mohua Sengupta"
Deloitte,Bengaluru,2026-03-24T09:00:51.679Z,Pareekh Jain; Rohan Lobo; Tanya Pandey; Vikram Ahuja; Aravind Maiya; Deepak Mowdhgalya; Romal Shetty,linkedin_metadata,https://www.linkedin.com/posts/gcc-marketwatch_gcc-globalleadership-indiainc-activity-7442133320169189376-Km7A,"The data on Indian GCC leadership has been moving in one direction for a while now.

115 global roles in 2015. 6,500 today. 30,000 projected by 2030. And nearly 20% of GCCs now enjoying real strategic authority, up from just 5% a decade ago.

The nature of that work has changed too. Walmart manages its global retail technology from Bengaluru. Target runs its digital commerce and supply chain platform from here. Microsoft develops key parts of Azure in India. Amazon builds Alexa and Prime Video technology here. These are not support functions. They are core enterprise mandates,  owned and led from India.

But leadership is where the most important shift is happening. GCCs operating in global matrix environments are producing a new kind of leader, one who influences strategy across geographies and functions rather than relying on hierarchy. The centres that have moved fastest are the ones given a specific outcome to own from the start, rather than a broad mandate to innovate over time.

40-45% of centres still handle back-office and IT support. The gap between participation and ownership remains. But the direction is clear and the leaders coming out of India's GCC ecosystem are increasingly the ones shaping what global enterprises do next.

#GCC #GlobalLeadership #IndiaInc #GlobalCapabilityCenters #FutureOfWork

Deloitte Rohan Lobo EY Pareekh Jain Vikram Ahuja ANSR The Economic Times Tanya Pandey"
Stolt-Nielsen,Hyderabad,2026-05-12T09:27:22.252Z,,ollama_qwen,https://www.linkedin.com/posts/gcc-marketwatch_stoltnielsen-hyderabad-gcc-activity-7459896996930174978-74xk,"Stolt-Nielsen has launched its Digital Innovation Centre in Hyderabad, marking another strong step in its global transformation journey. The new centre will serve as a hub for product engineering, DevOps, data, automation, and digital innovation, strengthening the company’s long-term capabilities across global operations.
Hyderabad continues to emerge as a preferred destination for global companies building high-impact capability centres, and Stolt-Nielsen’s move adds further momentum to that story.
#StoltNielsen #Hyderabad #GCC #GlobalCapabilityCenter 
#DigitalInnovation #DevOps #DataAnalytics #Automation"
Abercrombie & Fitch Co.,Bengaluru,2026-04-08T17:22:57.765Z,Rohit Gupta; Sriniketh Chakravarthi,ollama_qwen,https://www.linkedin.com/posts/gcc-marketwatch_abercrombiefitchgcc-bengalurutech-gccexpansion-activity-7447695496116355072-ZLRM,"Abercrombie & Fitch Co. has launched its new Global Capability Center in Bengaluru, strengthening its global digital operations as part of the ""Always Forward"" growth strategy. The GCC focuses on enterprise data analytics, AI-driven customer personalization, and enhancing omnichannel experiences for brands like Hollister and Gilly Hicks. Positioned as an extension of the company's Global Home Office, it leverages Bengaluru's tech talent to support $5B revenue goals through round-the-clock innovation and faster development. Currently hiring for digital tech, supply chain analytics, and strategy roles amid Q1 2026's record GCC leasing surge. The GCC was set up in partnership with ANSR

#AbercrombieFitchGCC #BengaluruTech #GCCExpansion #FashionTech #AIinRetail #DigitalTransformation"
Neighborly®,Bengaluru,2026-03-30T05:54:01.319Z,Rohit Gupta,linkedin_metadata,https://www.linkedin.com/posts/gcc-marketwatch_leadershiphiring-globalcapabilitycenter-businessgrowth-activity-7444260627705143296--Lem,"#LeadershipHiring

Neighborly® has appointed Rohit Gupta as Vice President and India GCC Leader in Bengaluru, signaling a strong push to expand its global capabilities and strengthen its India presence. Gupta brings extensive experience in global platform and product leadership, having previously worked with organizations like Cimpress. In his new role, he will focus on scaling Neighborly’s India operations, building high-performing teams, and driving innovation across technology and business functions. This move reflects Neighborly’s commitment to leveraging India as a strategic hub for growth and operational excellence.
#GlobalCapabilityCenter #BusinessGrowth #IndiaLeadership #TechLeadership #OrganizationalExcellence"
The Times Of India,,2026-05-07T06:09:14.297Z,"Akhil George; Madhurima Khandelwal; Mamatha Madireddy; Ruchika Panesar; Sangeeta Kumar; Sheenam Ohrie; Sirisha Voruganti; Sujit John; Hari Krishna Verma Nadimpalli; Lalit Ahuja; Ludwig Heinzelmann; Paul Jeruchimowitz; Divesh Agarwal; Dr Sangramsinh Pawar; Kailash Maisekar; Namita Adavi; Niket Karajagi; Pascal Daloz; Piyush Kedia; Rashmi Rawat; Sachin Kulkarni; Sameer Jain; Sandeep Panat; Sudarshan Mogasale; Sudish Lambodara Panicker; Vikram Puranik; Deepak Mangla; Sandeep D.; Shilpa Phadnis; Pankaj Vyas; Pari Natarajan; Manoj Marwah; R ""Ray"" Wang; Raman Roy; Shelley Singh; Lalitha Indrakanti; Neil D'Silva; Surendra Bashani; Ashwin Yardi; Neeti Sharma; Priti Sawant; Rohan Lobo; Sridhar Babu Duddilla; Stephen Barnham; Anuj Dhanda",linkedin_metadata,https://www.linkedin.com/posts/gcc-marketwatch_womeninleadership-financeleadership-gcc-activity-7458035195904983041-634U,"Women are shaping the future of global finance and technology in powerful ways, and GCCs are becoming a key part of that shift. As this feature highlights, more women are stepping into leadership roles across banking, digital operations, and global capability centres - bringing diversity, perspective, and impact to the industry.
A timely reminder that the rise of women in finance leadership is not just a trend, but a transformation already underway.
#WomenInLeadership #FinanceLeadership #GCC #GlobalCapabilityCenters #Banking #WomenInTech #DiversityAndInclusion #FinancialServices #Leadership #IndiaTech

Mamatha Madireddy Madhurima Khandelwal Anahita Tiwari Sheenam Ohrie Sangeeta Kumar Ruchika Panesar Sirisha Voruganti The Times Of India Sujit John Akhil George"
Apexon,Hyderabad,2026-03-11T06:24:28.106Z,Sriniketh Chakravarthi,linkedin_metadata,https://www.linkedin.com/posts/gcc-marketwatch_artificialintelligence-enterpriseai-digitaltransformation-activity-7437382920358576129-J6JD,"Technology services firm Apexon has launched a new Artificial Intelligence Center of Excellence in Hyderabad aimed at strengthening its enterprise AI engineering capabilities. The hub will focus on building next-generation AI solutions across agentic AI, generative AI, data engineering, and intelligent automation, bringing together AI engineers, data scientists, platform architects, and domain specialists to design scalable enterprise AI systems.
The center will also support the development of Apexon’s proprietary platforms such as AgentRise, which orchestrates AI agents to automate enterprise workflows, and AlphaSuite, a set of engineering accelerators designed to help organizations modernize systems and unlock value from enterprise data. In addition, the facility will drive AI training programs, engineering labs, and collaborative innovation with clients and technology partners to strengthen enterprise-ready AI capabilities and expand the company’s global AI talent base. As CEO Sriniketh Chakravarthi highlighted, the real opportunity lies in orchestrating intelligent AI systems that can reason, adapt, and operate across complex enterprise environments, marking a key step toward large-scale AI-driven transformation.
#ArtificialIntelligence #EnterpriseAI #DigitalTransformation #AIEngineering #AgenticAI #TechInnovation"
Zimmer Biomet,Bengaluru,2026-05-06T03:44:02.004Z,Rohit Gupta; Sriniketh Chakravarthi,ollama_qwen,https://www.linkedin.com/posts/gcc-marketwatch_bengaluru-gcc-globalcapabilitycentre-activity-7457636266034171904-UzfY,"Zimmer Biomet has marked a major milestone with the opening of its Global Capability Centre in Bengaluru, strengthening its India presence and building a stronger foundation for future growth. The new centre brings together talent, capability, and collaboration to support the company’s long-term vision and operational excellence.
This move reflects the growing role of India as a strategic hub for global healthcare and innovation-led capability building.
The GCC was built in partnership with ANSR .
#Bengaluru #GCC #GlobalCapabilityCentre #IndiaTech #HealthcareInnovation #CapabilityBuilding #Innovation #BusinessGrowth"
Zyoin Group,,2026-06-04T06:07:26.171Z,,ollama_qwen,https://www.linkedin.com/posts/gcc-marketwatch_zyoingroup-kdem-karnataka-activity-7468181602628513792-c7hm,"Zyoin Group and Karnataka Digital Economy Mission (KDEM) have come together to support the growth and expansion of GCCs in Karnataka, strengthening the state’s position as a leading destination for global capability centres.
The partnership brings together talent strategy, ecosystem support, and industry collaboration to help companies across the GCC lifecycle — from market entry and setup to scale-up and long-term capability building.
With Karnataka continuing to emerge as a major GCC hub, this collaboration reflects the importance of building stronger bridges between talent, innovation, and enterprise growth.
#ZyoinGroup #KDEM #Karnataka #GCC #GlobalCapabilityCentre #TalentStrategy #Innovation #IndiaTech #CapabilityBuilding"
Kyndryl,,2026-03-31T06:09:44.136Z,Prashobh Chandralayam,ollama_qwen,https://www.linkedin.com/posts/gcc-marketwatch_globalcapabilitycenters-digitaltransformation-activity-7444626970031857664-ISDp,"Kyndryl and Gloplax Solutions have announced a strategic collaboration to help enterprises design, build, and transform Global Capability Centers through a full-lifecycle, integrated approach. By combining Kyndryl’s global technology expertise and AI-driven modernization capabilities with Gloplax’s practitioner-led advisory and proprietary frameworks like GLOverse, the partnership aims to enable faster scaling, improved governance, and cost-efficient GCC operations. The joint offering spans strategy design, compliance, legal setup, modernization, and ongoing operations, while also supporting enterprises in assessing and optimizing existing GCCs. As India’s GCC ecosystem is projected to grow from ~1,700 to nearly 2,400 centers by 2030, this collaboration underscores the rising importance of GCC-first models in driving innovation, efficiency, and long-term business value.
 #GlobalCapabilityCenters #DigitalTransformation #AIInnovation #EnterpriseTechnology #BusinessTransformation #IndiaGrowth"
Alkami Technology,,2026-03-26T04:31:23.652Z,Alex Shootman; Deep Varma; Sandeep Sharma,linkedin_metadata,https://www.linkedin.com/posts/gcc-marketwatch_alkamigcc-digitalbanking-fintechindia-activity-7442790282279931904-O3XU,"Alkami Technology has expanded its GCC in India's National Capital Region to power the next phase of digital banking innovation for U.S. financial institutions. The hub strengthens platform engineering, data intelligence, cloud architecture, and security layers for Alkami's Digital Sales & Service Platform, which serves over 300 banks/credit unions and 22 million users. CEO Alex Shootman highlighted the region's unmatched fintech engineering talent to accelerate innovation and scale thoughtfully. CTO Deep Varma noted the ecosystem's role in advancing AI-driven capabilities for secure, reliable banking experiences. The expansion, supported by Summit Consulting Services (an ANSR company), positions Alkami as a leader in anticipatory banking.
#AlkamiGCC #DigitalBanking #FintechIndia #GCCExpansion #AIinBanking #NCRTech

Sandeep Sharma"
Hyderabad,Hyderabad,2026-05-15T10:01:40.287Z,Sridhar Babu Duddilla; Venkatesh Natarajan,ollama_qwen,https://www.linkedin.com/posts/gcc-marketwatch_gcc-globalcapabilitycentre-gccsummit2026-activity-7460992792551415808-iRjh,"Hyderabad is set for another major GCC growth year, with the Telangana government targeting 100 additional Global Capability Centres in 2026. Speaking at the NASSCOM GCC Summit, Minister Sridhar Babu said the city’s strong momentum, future-ready infrastructure, and deep talent pool are helping position Hyderabad as a global city of the future.
The announcement also reinforces Telangana’s larger vision of turning GCCs into global value centres and using them to drive long-term economic growth and job creation.
#GCC #GlobalCapabilityCentre #GCCSummit2026 #Innovation #IndiaTech #FutureOfWork #TalentEcosystem #GlobalValueCentres"
Sasken Technologies Limited,Hyderabad,2026-04-24T06:12:40.162Z,Hareesh Ramanna; Nirmala Datla,linkedin_metadata,https://www.linkedin.com/posts/gcc-marketwatch_hyderabad-productengineering-digitaltransformation-activity-7453325017112702976-h4Kd,"Sasken Technologies Limited's new Hyderabad Center of Excellence is another strong signal of India’s growing depth in product engineering and digital innovation.
With a focus on next-gen domains such as connected devices, 5G, IoT, embedded systems, and digital product engineering, the CoE is designed to accelerate innovation, deepen customer collaboration, and strengthen delivery capabilities. The company also plans to hire over 100 specialized engineering professionals, reinforcing Hyderabad’s position as a high-value tech talent hub.
A welcome addition to India’s evolving engineering and innovation ecosystem.
#Hyderabad #ProductEngineering #DigitalTransformation #EngineeringTalent #IoT #5G #EmbeddedSystems #TechHiring

Nirmala Datla Hareesh Ramanna"
Tredence Inc.,Hyderabad,2026-03-16T06:29:53.045Z,Sumit Mehra; D. Sridhar Babu,ollama_qwen,https://www.linkedin.com/posts/gcc-marketwatch_artificialintelligence-hyderabadtech-globalcapabilitycenters-activity-7439196222579453952-Nz4L,"Global data science and AI solutions company Tredence has expanded its India footprint by launching a 20,000 sq. ft. AI delivery and innovation centre in Nanakramguda, Hyderabad. The new hub will focus on enterprise AI, generative AI, advanced analytics, and applied AI, supporting industries such as life sciences, healthcare, retail, and consumer packaged goods. Currently employing around 400 professionals in Telangana, the company plans a major talent ramp-up to over 2,200 employees by 2027, including ~700 new roles in 2026 and another ~1,100 in 2027. The expansion strengthens Hyderabad’s position as a global hub for AI innovation and Global Capability Centres (GCCs) while enabling closer collaboration with global clients and accelerating industry-specific AI solutions. Sumit Mehra highlighted the city’s strong tech talent ecosystem and academic base as key factors behind the expansion. D. Sridhar Babu also noted that such investments align with the state’s “Telangana Rising 2047” vision of driving AI-led growth and high-value employment.
#ArtificialIntelligence #HyderabadTech #GlobalCapabilityCenters #DataScience #FutureOfWork #IndiaTech

Tredence Inc."
RAKSUL,Bengaluru,2026-05-04T05:52:11.401Z,Sujit Kulkarni; Toshiharu Takeuchi,linkedin_metadata,https://www.linkedin.com/posts/gcc-marketwatch_bengaluru-gcc-globalcapabilitycenter-activity-7456943741971361792-g5Pd,"RAKSUL’s launch of a new GCC in Bengaluru reflects the growing momentum behind AI-first, lean operating models in India’s GCC landscape. By betting on a “nano GCC” approach, the company is signaling a smarter, more focused way to build global capability centers - one that prioritizes agility, innovation, and high-impact talent over scale for scale’s sake.
Bengaluru continues to strengthen its position as a preferred hub for future-ready global operations, especially for companies looking to build with speed, precision, and AI at the core.
#Bengaluru #GCC #GlobalCapabilityCenter #NanoGCC #AI #ArtificialIntelligence #IndiaTech #Innovation #DigitalTransformation #CapabilityBuilding

Sujit Kulkarni Toshiharu Takeuchi RAKSUL India ANSR"
ABeam Consulting,Hyderabad,2026-03-03T04:54:35.168Z,Rohit Gupta; Sriniketh Chakravarthi,ollama_qwen,https://www.linkedin.com/posts/gcc-marketwatch_digitaltransformation-globalcapabilitycenters-activity-7434461197812547585-qzSR,"Singapore-based @Optimum Solutions and Japan’s ABeam Consulting have officially launched integrated Global Capability Centres (GCCs) in Hyderabad and Chennai, marking a significant milestone in Indo-Asian digital transformation collaboration. These centres will act as global delivery hubs focused on enterprise digital transformation, cloud modernization, data engineering and AI-led innovation, especially catering to Japanese and multinational customers. The partnership taps into India’s deep talent pool and positions the GCCs as strategic execution engines, with plans to scale to ~2,000 professionals by 2030 under a unified governance model that blends consulting depth with engineering execution excellence. This move underscores how long-term, structural investments in digital capabilities are reshaping global operations - placing India firmly at the heart of next-gen technology delivery strategies. 
#DigitalTransformation #GlobalCapabilityCenters #AI #InnovationEcosystem #IndiaTechHub

ABeam Consulting Optimum Solutions Pte Ltd"
Zurich Insurance,Hyderabad,2026-04-28T08:52:17.960Z,Amit Kalra,linkedin_metadata,https://www.linkedin.com/posts/gcc-marketwatch_zurich-hyderabad-gcc-activity-7454814740771487745-MBXc,"Zurich Insurance has launched a new GCC in Hyderabad, strengthening its focus on technology, AI, and next-gen insurance transformation. The center will serve as a strategic extension of Zurich’s global operating model, with end-to-end ownership across engineering, data, and core business operations. 

The company has also appointed Amit Kalra as Head of Zurich Capability Center, to lead the global strategy and expansion of these centers. With Hyderabad positioned as a key talent hub, Zurich plans to build capabilities across cloud and platform engineering, data and AI, application development, cybersecurity, and quality engineering.

Read more on this ➡ https://lnkd.in/dgqnu85c

#Zurich #Hyderabad #GCC #GlobalCapabilityCenter #AI #Technology #Insurance #Data #CloudEngineering #Cybersecurity #Innovation"
Adobe,Bengaluru,2026-05-05T05:45:14.213Z,Manoj Nagpal,linkedin_metadata,https://www.linkedin.com/posts/gcc-marketwatch_adobe-bengaluru-indiatech-activity-7457304380023894016-GbBo,"Adobe has appointed Manoj Nagpal as Vice President, Global Delivery Center and Shared Services for India, reinforcing the company’s focus on strengthening delivery, innovation, and customer success capabilities from Bengaluru. With over three decades of experience, Manoj will help lead initiatives that support Adobe’s global business expansion and its broader digital transformation agenda.
A strong leadership move that reflects the growing strategic importance of India in Adobe’s global operating model.
#Adobe #Bengaluru #IndiaTech #GCC #GlobalDeliveryCenter #SharedServices #Leadership #DigitalTransformation #CustomerSuccess"
Maximus,Hyderabad,2026-04-06T07:17:43.092Z,Rohit Gupta; Sriniketh Chakravarthi,ollama_qwen,https://www.linkedin.com/posts/gcc-marketwatch_hyderabad-gcc-hiring-activity-7446818405606678528-lZ0G,"Global healthcare and government services company Maximus Inc is expanding its footprint in India by establishing a new Global Capability Centre (GCC) in Hyderabad, marking its second GCC after Bengaluru. The company has already initiated hiring across multiple roles spanning HR, recruitment, and technology, with a strong focus on building in-office operational capabilities. This move, originally announced at the Telangana Global Summit, highlights Hyderabad’s growing appeal as a global GCC hub driven by its skilled talent pool, cost advantages, and supportive policies. The new centre will support technology, HR, and operational functions, reinforcing Maximus’ global delivery capabilities while contributing to job creation and strengthening the city’s position as a leading destination for multinational investments.
#Hyderabad #GCC #Hiring #IndiaGrowth #TechJobs #GlobalExpansion"
Mizuho,Pune,2026-05-25T05:54:48.960Z,,ollama_qwen,https://www.linkedin.com/posts/gcc-marketwatch_mizuhos-new-gcc-in-pune-marks-an-important-activity-7464554547999465472-nG1V,"Mizuho’s new GCC in Pune marks an important milestone in the company’s journey to strengthen its global technology, operations, and shared services capabilities.
This opening also deepens Mizuho’s presence in the country, alongside its teams in Mumbai and Chennai, and reinforces India’s growing role in the company’s global operating model."
Hyderabad's office leasing market,Hyderabad,2026-04-10T06:30:33.556Z,Rohit Gupta; Sriniketh Chakravarthi,ollama_qwen,https://www.linkedin.com/posts/gcc-marketwatch_hyderabadrealestate-gccexpansion-officeleasing-activity-7448256089135046658-gAny,"Hyderabad's office leasing market has hit a record high of 5.86 million square feet in Q1 2026, the highest ever for a single quarter, up 48% year-on-year from 4 million sq ft. Global Capability Centres (GCCs) led the surge at 43% of total volume (2.5 million sq ft), growing 53% despite global tensions, followed by third-party IT services (1.7 million sq ft) and flex spaces (up 457% YoY). Rents rose 8% to Rs 77.5/sq ft/month, with 2.3 million sq ft of new supply added. The city ranks #2 among India's top 8 markets, cementing its GCC powerhouse status.
#HyderabadRealEstate #GCCExpansion #OfficeLeasing #HyderabadGCC #CREIndia"
LPL Financial,Hyderabad,2026-04-16T05:37:36.453Z,Greg Gates; Ramesh Kaza,ollama_qwen,https://www.linkedin.com/posts/gcc-marketwatch_lplfinancial-hyderabadgcc-gccexpansion-activity-7450417090592694272-wpEQ,"LPL Financial has officially opened its first GCC outside the US in Hyderabad, marking a major step in its global expansion and innovation strategy. The new centre, spread across about 3 lakh sq ft in the Financial District, will hire over 1,500 professionals over the next few years and support technology, operations, product development, data and analytics, and risk management. With Hyderabad chosen for its deep talent pool in AI, automation, data science, and financial services, the GCC will play a key role in strengthening LPL’s platform resilience and next-generation digital capabilities.
#LPLFinancial #HyderabadGCC #GCCExpansion #FintechIndia #GlobalCapabilityCentre #HyderabadTech"
Itineris,Hyderabad,2026-03-02T06:25:45.620Z,Edgard Vermeersch; Lalit Ahuja,linkedin_metadata,https://www.linkedin.com/posts/gcc-marketwatch_hyderabadgcc-itinerisindia-utilitytech-activity-7434121754685558784-05qi,"Itineris inaugurates Global Technology & Innovation Center in Hyderabad. Global utility software leader powering energy/water providers in North America/Europe now drives SaaS innovation from India. Built in partnership with ANSR, this GCC scales from seed team to 150–200 professionals over 24 months in product engineering.
#HyderabadGCC #ItinerisIndia #UtilityTech #GCCExpansion

Edgard Vermeersch Lalit Ahuja"
isolved,Hyderabad,2026-05-20T06:51:47.093Z,Yogesh More,ollama_qwen,https://www.linkedin.com/posts/gcc-marketwatch_hyderabad-gcc-globalcapabilitycenter-activity-7462756945360297985-ZieM,"isolved’s new Global Capability Center in Hyderabad marks a significant milestone in the company’s India expansion journey.
As its largest campus outside the US, the center will strengthen capabilities across engineering, AI, platform development, payroll processing, and tax operations — reinforcing Hyderabad’s growing role as a hub for innovation-led global delivery.
With plans to hire 400 employees by 2027, this move highlights how HR tech companies are increasingly turning to India for scale, talent, and future-ready capability building.
#Hyderabad #GCC #GlobalCapabilityCenter #HRTech #PeopleCloud #AI #Engineering #DigitalTransformation #TalentAcquisition #Innovation #IndiaTech"
Databricks,Bengaluru,2026-03-17T05:54:22.703Z,Naveen Zutshi,linkedin_metadata,https://www.linkedin.com/posts/gcc-marketwatch_artificialintelligence-dataengineering-techhiring-activity-7439549675143225345-MMuU,"Data and AI company Databricks is significantly ramping up its hiring and R&D investments in India, reinforcing the country’s role as a key innovation hub for the company. With nearly 1,000 employees already in India, Databricks plans to expand teams across engineering, research, and go-to-market functions, while strengthening its Bengaluru R&D centre to support growing enterprise demand for data and AI solutions. According to CIO Naveen Zutshi, the company is witnessing near triple-digit business growth in India, prompting deeper investment in talent and innovation. The expansion is part of Databricks’ broader $250 million commitment to India, aimed at building AI capabilities, scaling product development, and supporting global customers from the region.
#ArtificialIntelligence #DataEngineering #TechHiring #Innovation #IndiaTech #FutureOfWork"
US-based banking giant US Bancorp,Hyderabad,2026-03-18T06:53:22.830Z,,ollama_qwen,https://www.linkedin.com/posts/gcc-marketwatch_globalcapabilitycenters-indiagrowth-bankinginnovation-activity-7439926911377633280-eeAV,"US-based banking giant US Bancorp is set to establish its first Global GCC in India, with plans to lease over 650,000 sq. ft. of office space in Chennai, marking a significant entry into the country’s offshore and innovation ecosystem. The upcoming centre is expected to support technology, analytics, and core banking operations, tapping into India’s deep talent pool. The company is also exploring further expansion in cities like Bengaluru and Hyderabad, signaling a long-term commitment to scaling its India presence. This move aligns with a broader trend of global financial institutions increasingly leveraging India as a hub for AI, digital transformation, and advanced analytics, further boosting Chennai’s position as a key GCC destination.
#GlobalCapabilityCenters #IndiaGrowth #BankingInnovation #ChennaiTech #DigitalTransformation #FutureOfWork"
ISB Centre for Business Innovation,,2026-06-02T04:25:12.586Z,Amit Kalra; Ankur Mittal; Shalini Pillay,linkedin_metadata,https://www.linkedin.com/posts/gcc-marketwatch_gcc-gccleadership-latitude-activity-7467431100777365504-vBzB,"ISB has launched what may be the most relevant leadership programme for GCC leaders in India right now.

Latitude, developed by ISB Centre for Business Innovation, is India's first leadership programme built exclusively for GCC leaders. Not adapted from a generic MBA curriculum. Not a repurposed executive education module. Built from the ground up for the complexity, scale, and ambiguity of leading a global capability centre.

Cohort 1 set the bar high.

The faculty included some of the most respected names in the GCC ecosystem - Ankur Mittal, Shalini Pillay, and Amit Kalra among them. GCC veterans who have led at scale, navigated transformation, and know what it actually takes to run a world-class centre. The kind of faculty you don't find in a standard leadership programme.

By all accounts, it was a cohort worth being part of.

Cohort 2 is now open. Starting July 11, 2026. 

If you lead a GCC or aspire to, this is the room to be in.

Apply now, link in comments.

#GCC #GCCLeadership #Latitude #ISB #GlobalCapabilityCentres #GCCMarketWatch"
IndiQube,Bengaluru,2026-04-02T08:16:37.044Z,Meghna Agarwal,linkedin_metadata,https://www.linkedin.com/posts/gcc-marketwatch_gcc-futureofwork-healthcareinnovation-activity-7445383676613304320--Ju7,"IndiQube has signed a major workspace leasing deal with a leading healthcare technology GCC in Bengaluru, covering over 48,000 sq. ft. of premium Grade A office space along the Outer Ring Road corridor. Valued at approximately ₹75 crore over five years, the deal highlights the accelerating demand from GCCs for high-quality, scalable workspaces in key talent hubs. With GCCs already contributing nearly 40% of its portfolio and a presence across 17 cities with 9.55 million sq. ft. under management, IndiQube continues to strengthen its position as a preferred partner for global enterprises. The move also reflects India’s growing prominence, especially in healthcare tech, as a global innovation and delivery hub, driven by specialized talent and evolving workplace needs.
 #GCC #FutureOfWork #HealthcareInnovation #FlexibleWorkspaces #IndiaGrowthStory #BengaluruTech

Meghna Agarwal"
Kraft Heinz,Bengaluru,2026-05-29T08:19:40.256Z,Preeti Naval Kumar; Serge De Vos,linkedin_metadata,https://www.linkedin.com/posts/gcc-marketwatch_gcc-globalcapabilitycentre-kraftheinz-activity-7466040553399279616-c0Te,"Kraft Heinz is expanding its footprint in India with a new office in Bengaluru, alongside its GCC in Ahmedabad.

With Ahmedabad as the primary GCC hub and Bengaluru as a satellite office, the company is creating a stronger platform to attract, develop, and retain specialised talent - particularly in Digital, Data, Commercial, FP&A, and next-generation technology capabilities.

This is an investment in people and long-term capability building.

#GCC #GlobalCapabilityCentre #KraftHeinz #India #Bengaluru #Ahmedabad #GCCExpansion #FutureSkills #Talent

Serge De Vos Preeti Naval Kumar"
Charles Schwab,Hyderabad,2026-03-09T13:30:03.657Z,,ollama_qwen,https://www.linkedin.com/posts/gcc-marketwatch_globalcapabilitycenters-hyderabad-financialservices-activity-7436765248491167744-sbl7,"US-based financial services giant Charles Schwab has leased around 3.45 lakh sq. ft. of office space in Hyderabad’s Gachibowli IT corridor to establish and scale its GCC in India. The office is located in Phoenix Equinox Tower 2, with the firm occupying floors 10–14 under a five-year lease valued at about ₹3.73 crore in monthly rent, along with a security deposit of roughly ₹25.28 crore. The facility will support operations such as IT services, software development, financial management, analytics, and AI-driven capabilities, leveraging India’s deep technology and BFSI talent pool. The move highlights Hyderabad’s growing prominence as a global GCC hub and aligns with the broader trend of multinational firms expanding high-value operations in India.
 #GlobalCapabilityCenters #Hyderabad #FinancialServices #IndiaGrowthStory #BFSI #GCCIndia"
Capgemini,,2026-03-13T06:17:47.184Z,Aiman Ezzat; Lokesh Nara,linkedin_metadata,https://www.linkedin.com/posts/gcc-marketwatch_globalcapabilitycenters-techinvestment-digitaltransformation-activity-7438106014501081089-270B,"The Government of Andhra Pradesh is strengthening its push to position Visakhapatnam as a major technology hub by inviting global tech giant Capgemini to establish an IT development centre and a GCC in the city. During discussions between IT Minister Lokesh Nara and Capgemini CEO Aiman Ezzat, the proposed investment was projected to create up to 20,000 jobs. The government also encouraged Capgemini to set up service centres focused on cloud services and BPM, collaborate with universities to create emerging technology labs in areas like AI, cybersecurity, and digital development, and support the state’s Quantum Valley initiative. With upcoming infrastructure such as the Bhogapuram International Airport and projects like a Google data centre, Vizag is being positioned as a rapidly emerging IT and data hub attracting global investments. Capgemini has said it will evaluate the proposal.
#GlobalCapabilityCenters #TechInvestment #DigitalTransformation #IndiaTech #Vizag #FutureOfWork"
Redwood Software,Hyderabad,2026-04-23T08:21:48.053Z,,ollama_qwen,https://www.linkedin.com/posts/gcc-marketwatch_redwoodsoftware-hyderabad-gcc-activity-7452995126257152000-5O6_,"Redwood Software’s new India tech centre in Hyderabad is another strong signal of how global enterprises are deepening their presence in India.
Focused on AI-powered automation, full-stack engineering, product innovation, and global operations, the centre strengthens Redwood’s long-term commitment to building future-ready capabilities from India. With plans to scale hiring significantly, Hyderabad continues to stand out as a hub for talent, infrastructure, and innovation-led growth.
A meaningful addition to India’s growing GCC and tech ecosystem.
#RedwoodSoftware #Hyderabad #GCC #GlobalCapabilityCentre #IndiaTech #AI #Automation #Engineering #ProductInnovation #TechCentre #InnovationEcosystem"
Airbus,Bengaluru,2026-03-09T06:30:52.936Z,,ollama_qwen,https://www.linkedin.com/posts/gcc-marketwatch_aerospace-makeinindia-globalcapabilitycenters-activity-7436659758721519616-5HyA,"Global aerospace giant Airbus has inaugurated a major GCC in Bengaluru, reinforcing India’s growing role in the global aerospace ecosystem. The new 880,000 sq. ft. technology campus will bring together engineering, digital transformation, procurement, and customer services under one roof and is designed to support around 5,000 employees. Airbus’ sourcing from India has more than tripled, from about $500 million in 2019 to over $1.5 billion today, with over 100 Indian suppliers contributing critical aircraft components. The company expects this figure to exceed $2 billion before the end of the decade, highlighting India’s strategic importance in its global supply chain and its alignment with the “Make in India” initiative.
#Aerospace #MakeInIndia #GlobalCapabilityCenters #AviationIndustry #BengaluruTech #ManufacturingIndia"
Wipro,,2026-03-23T06:08:13.290Z,Sanjeev Jain,linkedin_metadata,https://www.linkedin.com/posts/gcc-marketwatch_wiproai-giftcity-gccexpansion-activity-7441727486071250944-yeJ6,"Wipro has launched a dedicated AI hub at GIFT City in Gandhinagar, featuring 150 ready-to-use seats with plans to scale to 500 professionals focused on BFSI innovation. The center will drive advancements in digital banking, RegTech solutions, risk and compliance platforms, and large-scale modernization projects. This initiative aligns with Wipro's Intelligence platform to accelerate AI-led consulting services for global financial institutions amid India's booming fintech landscape. Wipro COO Sanjeev Jain emphasized it as a strategic investment to amplify AI's transformative impact. Alongside this, Wipro unveiled a new NVIDIA-powered AI Data Centre solution designed for secure, enterprise-grade AI adoption.
#WiproAI #GIFTCity #GCCExpansion #BFSI #RegTech #AIInnovation #FintechIndia"
IBM,Bengaluru,2026-03-06T08:15:30.027Z,Dinesh Nirmal; Sandip Patel,ollama_qwen,https://www.linkedin.com/posts/gcc-marketwatch_artificialintelligence-enterpriseai-digitaltransformation-activity-7435598923152523264-pY-z,"IBM has announced the launch of its first Infrastructure Innovation Centre in India, called the Sangam Infrastructure Innovation Centre, located within the new India Systems Development Lab (ISDL) campus in Bengaluru. The centre is designed as a collaborative engineering hub where IBM’s systems architects and infrastructure experts will work alongside clients, Independent Software Vendors (ISVs), Global System Integrators (GSIs), Global Capability Centers (GCCs), and ecosystem partners to co-create scalable AI solutions. By combining advanced infrastructure technologies, hybrid cloud capabilities, and AI innovation under one roof, the centre aims to accelerate the development and deployment of secure, responsible, and enterprise-scale AI systems for both Indian and global markets. The initiative reinforces IBM’s long-term investment in India as a strategic hub for AI infrastructure innovation, especially as enterprises modernize mission-critical systems to become AI-ready. According to an IBM Institute for Business Value study, 58% of Indian organizations have increased infrastructure investments due to AI demand, with infrastructure budgets expected to grow by 19% in 2025, highlighting the rising importance of strong AI infrastructure for large-scale adoption.
#ArtificialIntelligence #EnterpriseAI #DigitalTransformation #CloudComputing #TechInnovation #FutureOfWork"
Lonza,Hyderabad,2026-03-10T07:17:54.335Z,,ollama_qwen,https://www.linkedin.com/posts/gcc-marketwatch_lifesciences-globalcapabilitycenters-hyderabad-activity-7437033980392009728-4frd,"Swiss life sciences and contract development & manufacturing leader Lonza Group AG has announced plans to establish a new Global Capability Centre (GCC) in Hyderabad, further strengthening India’s growing position in the global biopharmaceutical ecosystem. Headquartered in Switzerland and operating more than 30 sites worldwide with nearly 20,000 employees, Lonza reported sales of CHF 6.5 billion in 2025. 
The new centre is expected to generate high-value employment, leverage Hyderabad’s strong scientific talent pool and infrastructure, and deepen the city’s integration into the global biopharmaceutical value chain.
 #LifeSciences #GlobalCapabilityCenters #Hyderabad #Biopharma #IndiaInnovation #PharmaIndustry"
TruBridge,Chennai,2026-02-26T05:44:07.586Z,,ollama_qwen,https://www.linkedin.com/posts/gcc-marketwatch_healthcareinnovation-globalcapabilitycentre-activity-7432661725709160448-NfMW,"US-based healthcare provider TruBridge has inaugurated a new GCC in Chennai, expanding its global delivery footprint and reinforcing its commitment to supporting community healthcare operations. The Chennai centre will drive technology-enabled and operational services that enhance efficiency and scalability across TruBridge’s healthcare offerings by tapping into India’s rich talent ecosystem. This strategic move not only strengthens TruBridge’s ability to back community healthcare providers but also highlights Chennai’s growing role as a key hub in the global healthcare and technology services landscape.
#HealthcareInnovation #GlobalCapabilityCentre #ChennaiTech"
Cowbell,Pune,2026-06-05T07:07:10.595Z,Rahul Hatkar,linkedin_metadata,https://www.linkedin.com/posts/et-gcc_etgccgrowthsummit-etgccgrowthsummitpune-gcc-activity-7468559024658219008-086U,"Rahul Hatkar, VP & GM, Cowbell Cyber India, highlights a critical shift in enterprise security, where resilience is engineered from the ground up. As GCCs evolve into capability builders, embedding cybersecurity into code becomes key to building trust, not just responding to threats.

Join the leaders shaping secure, future-ready enterprises at the ETGCCWorld Global Capability Centers Growth Summit 2026, Pune.

Express interest: https://lnkd.in/gR7zM8uc

#ETGCCGrowthSummit #ETGCCGrowthSummitPune #GCC #GlobalCapabilityCentres #GCCLeaders #Leadership #GCCCommunity #GCCNews #GCCTrends #ETGCCWorld"
Alvarez & Marsal,,2026-06-06T10:53:39.190Z,Manish Goyal,linkedin_metadata,https://www.linkedin.com/posts/et-gcc_gcc-globalcapabilitycentres-gccindia-activity-7468978407221940225-JRQ-,"India’s GCC sector is, by most measures, a well-known hiring machine. More than 2,400 centres now employ upwards of close to 3 million professionals, with a bulk share of the new mandates flowing in carry some variant of the same two letters, i.e. AI. 

But the more aggressively companies expand their AI ambitions, the more acutely they feel a specific absence. Not just someone who can write production-grade code, but someone who can also explain its consequences to a compliance officer, fine-tune a model, and trace its output back to a business outcome.

That fusion of technical depth with domain knowledge is what hiring managers across the GCC sector are struggling to find.

“The biggest gap today is not in foundational AI skills alone, but in the ability to combine technical expertise with industry knowledge and real-world implementation experience,"" says Manish Goyal of Alvarez & Marsal.

Read more in our weekly newsletter 👇 
https://lnkd.in/gzYFN7_f

#GCC #GlobalCapabilityCentres #GCCIndia #GCCCommunity #GCCNews #News #Trends #GCCLeaders #AI #Hiring #Talent #Jobs #Newsletter #GCCWeekly #ETGCCWorld"
Standard Chartered,Bengaluru,2026-06-03T11:34:55.220Z,Meenakshi Iyer,linkedin_metadata,https://www.linkedin.com/posts/et-gcc_etgccgrowthsummit-etgccgrowthsummitpune-gcc-activity-7467901628847734784-zg37,"Meenakshi Iyer, Global Head, Platforms, Wealth & Retail Banking Technology and Interim Head, GBS Bengaluru, Standard Chartered India, brings a strong perspective on building future-ready GCCs that combine scale with depth. As enterprises evolve, the focus is shifting toward AI-native leadership, stronger accountability, and driving meaningful impact through technology.

Be part of the conversations shaping next-gen global enterprises at the ETGCCWorld Global Capability Centers Growth Summit 2026, Pune.

Express interest: https://lnkd.in/gR7zM8uc

#ETGCCGrowthSummit #ETGCCGrowthSummitPune #GCC #GlobalCapabilityCentres #GCCLeaders #Leadership #GCCCommunity #GCCNews #GCCTrends #ETGCCWorld"
Technogen India Pvt. Ltd.,Pune,2026-06-04T08:26:52.280Z,,ollama_qwen,https://www.linkedin.com/posts/et-gcc_etgccgrowthsummit-etgccgrowthsummitpune-gcc-activity-7468216692632891392-jbIs,"Curiosity that drives what’s next.

Technogen India Pvt. Ltd. comes on board as an Associate Partner at the ETGCCWorld Global Capability Centers Growth Summit 2026, Pune, bringing a forward-looking approach to technology, innovation, and enterprise transformation. As GCCs evolve into capability builders, such partnerships play a key role in shaping future-ready ecosystems.

Be part of the conversations defining tomorrow’s global enterprises.

18th June 2026 | Conrad, Pune
Express interest: https://lnkd.in/gR7zM8uc

#ETGCCGrowthSummit #ETGCCGrowthSummitPune #GCC #GlobalCapabilityCentres #GCCLeaders #Leadership #GCCCommunity #GCCNews #GCCTrends #ETGCCWorld"
MUFG Pension & Market Services,Pune,2026-06-04T10:59:27.978Z,Rishi Dhuper,linkedin_metadata,https://www.linkedin.com/posts/et-gcc_etgccgrowthsummit-etgccgrowthsummitpune-gcc-activity-7468255094413709312-ovCJ,"Rishi Dhuper, Managing Director & Head of India GCC, MUFG Pension & Market Services, brings a strong perspective on how GCCs are evolving beyond scale to become strategic drivers of enterprise value. As organizations navigate AI-led disruption, the focus is shifting toward building differentiated capabilities, reimagining talent models, and leading with clarity of purpose.

Join the leaders shaping the next phase of GCC transformation at the ETGCCWorld Global Capability Centers Growth Summit 2026, Pune.

Express interest: https://lnkd.in/gR7zM8uc

#ETGCCGrowthSummit #ETGCCGrowthSummitPune #GCC #GlobalCapabilityCentres #GCCLeaders #Leadership #GCCCommunity #GCCNews #GCCTrends #ETGCCWorld"
CIBC,Hyderabad,2026-06-02T07:19:50.343Z,,ollama_qwen,https://www.linkedin.com/posts/et-gcc_gcc-globalcapabilitycentres-gccindia-activity-7467475047675432962-Jtfi,"Canadian banking major CIBC (Canadian Imperial Bank of Commerce) has announced plans to establish a global capability centre in Hyderabad, further expanding the city’s banking and financial services footprint.

According to government officials, the center will create more than 2,000 jobs across banking technology, data and related functions over the coming years. 

Read more 👇 
https://lnkd.in/gMp7gng6

#GCC #GlobalCapabilityCentres #GCCIndia #News #Hyderabad #Telangana #GCCCommunity #GCCTrends #GCCNews #Jobs #Hiring #BFSI #ETGCCWorld"
Checkmarx,Pune,2026-06-06T04:30:02.046Z,Rohit Gupta; Sriniketh Chakravarthi,ollama_qwen,https://www.linkedin.com/posts/et-gcc_etgccgrowthsummit-etgccgrowthsummitpune-gcc-activity-7468881866323046400-Q-e2,"Security and trust are at the core of every future-ready enterprise.

Checkmarx comes on board as a Supporting Partner at the ETGCCWorld Global Capability Centers Growth Summit 2026, Pune, bringing its expertise in application security to a platform focused on engineering resilient, AI-driven enterprises. As GCCs take on larger roles in product and platform ownership, securing innovation becomes just as critical as scaling it.

Be part of the conversations shaping secure and future-ready GCCs.

18th June 2026 | Conrad, Pune
Express interest: https://lnkd.in/gR7zM8uc

#ETGCCGrowthSummit #ETGCCGrowthSummitPune #GCC #GlobalCapabilityCentres #GCCLeaders #Leadership #GCCCommunity #GCCNews #GCCTrends #ETGCCWorld"
AGCO Corporation,Pune,2026-06-02T07:03:01.314Z,Abhishek Mendiratta; Amit Talwar; Kailash Maisekar; Nithya Cadambi; Piyush Joshi; Priti Gaonkar; Rahul Sinha; Rajeev Mago; Sagar Galatagi; Saurabh Gupta,linkedin_metadata,https://www.linkedin.com/posts/et-gcc_etgccgrowthsummit-etgccgrowthsummitpune-gcc-activity-7467470815500890112-HCgd,"Different voices. One shared vision for the future of GCCs.

This dynamic lineup brings together leaders who are redefining how global capability centers drive innovation, build capabilities, and create enterprise-wide impact. From digital transformation to AI-led growth, the conversations here will shape what comes next.

Featuring: 
• Amit Talwar – Country Director & India Leader, AGCO Corporation GCC India
• Saurabh Gupta – General Manager & Site Head, Sulzer Business Services (SBS), Pune Hub
• Rajeev Mago – VP, Technology & Head, India GCCs, Western Union
• Abhishek Mendiratta – Director, Pune GBS Head, The Magnum Ice Cream Company
• Sagar Galatagi – MD & Head, HNI GBSC 
• Rahul Sinha – Head – Data, AI & Automation Services, AXA Global Business Services (AXA GBS)
• Nithya Cadambi – General Manager, Global Centres of Excellence, Commvault
• Piyush Joshi – Head, Global Business Service Center, Brose India
• Priti Gaonkar – Vice President, Head Global Service Center, Burckhardt Compression
• Kailash Maisekar – Country Director & Head of GCC, Idox plc

Join the ecosystem shaping tomorrow at the ETGCCWorld Global Capability Centers Growth Summit 2026, Pune.

Register now: https://lnkd.in/gR7zM8uc

#ETGCCGrowthSummit #ETGCCGrowthSummitPune #GCC #GlobalCapabilityCentres #GCCLeaders #Leadership #GCCCommunity #GCCNews #GCCTrends #ETGCCWorld"
General Mills,Pune,2026-06-03T07:21:42.033Z,Anjali Singh,linkedin_metadata,https://www.linkedin.com/posts/et-gcc_etgccgrowthsummit-etgccgrowthsummitpune-gcc-activity-7467837904002678785-786q,"Anjali Singh, Head of Global Business Solutions and India Center Site Lead, General Mills, highlights a defining shift for GCCs, where success lies in balancing scale with depth while building capabilities that can handle complexity without slowing down innovation.

Join the leaders shaping high-impact, future-ready GCCs at the ETGCCWorld Global Capability Centers Growth Summit 2026, Pune.

18th June 2026 | Conrad, Pune
Express interest: https://lnkd.in/gR7zM8uc

#ETGCCGrowthSummit #ETGCCGrowthSummitPune #GCC #GlobalCapabilityCentres #GCCLeaders #Leadership #GCCCommunity #GCCNews #GCCTrends #ETGCCWorld"
Atmus Filtration Technologies,Pune,2026-05-29T10:26:11.528Z,Avani Shah,linkedin_metadata,https://www.linkedin.com/posts/et-gcc_etgccgrowthsummit-etgccgrowthsummitpune-gcc-activity-7466072393502081024-V6-d,"Avani Shah, Country Leader – India, Atmus Filtration Technologies, highlights how digital twins are evolving from simulation tools into powerful decision engines, enabling enterprises to turn data into foresight and drive faster, more connected, and intelligent outcomes.

Join the leaders shaping engineering-led, future-ready enterprises at the ETGCCWorld Global Capability Centers Growth Summit 2026, Pune.

Express interest: https://lnkd.in/gR7zM8uc

#ETGCCGrowthSummit #ETGCCGrowthSummitPune #GCC #GlobalCapabilityCentres #GCCLeaders #Leadership #GCCCommunity #GCCNews #GCCTrends #ETGCCWorld"
TMUS Global Solutions,Hyderabad,2026-06-04T08:59:47.018Z,Chandra. Gupta,linkedin_metadata,https://www.linkedin.com/posts/et-gcc_gcc-globalcapabilitycentres-gccindia-activity-7468224975284584448-qRcM,"US telecom giant T-Mobile on Thursday announced the launch of its global technology centre in Hyderabad, as the company looks to expand its global engineering and digital capabilities outside the US.

The new 2.5 lakh sq. ft facility, operated through TMUS Global Solutions, will serve as a strategic technology and innovation hub focused on software engineering, DevOps, product development, cybersecurity, data analytics and next-generation digital solutions.

“Hyderabad offers a strong combination of technology talent, innovation capabilities, and an established ecosystem that aligns with our long-term goals,” said Chandra. Gupta, vice-president, information technology, TMUS Global Solutions. “Our global technology centre in Hyderabad will play an important role in strengthening our engineering and digital capabilities.”

Read more 👇 
https://lnkd.in/gZN-rXEA

#GCC #GlobalCapabilityCentres #GCCIndia #GCCLeaders #Hyderabad #Telangana #Leadership #GCCCommunity #News #Trends #ETGCCWorld"
Smart energy technology company SolarEdge Technologies,Bengaluru,2026-06-01T08:05:37.817Z,Rohit Gupta; Sriniketh Chakravarthi,ollama_qwen,https://www.linkedin.com/posts/et-gcc_gcc-solaredge-gccindia-activity-7467124183550881792-WOfU,"Smart energy technology company SolarEdge Technologies has inaugurated its new research and development hub in Bengaluru, as part of efforts to strengthen its global engineering and innovation capabilities.

The India Development Center (IDC) is expected to play a key role in scaling the Israel-based firm’s engineering operations, along with the development of power electronics and smart energy technologies. 

Read the full story. 👇
https://lnkd.in/gP8Xja88

#GCC #SolarEdge #GCCIndia #GCCLeaders #GCCNews #News #GCCTrends #GCCCommunity #ETGCCWorld"
Fiserv,Pune,2026-06-01T06:57:35.326Z,Sachin Kulkarni,linkedin_metadata,https://www.linkedin.com/posts/et-gcc_etgccgrowthsummit-etgccgrowthsummitpune-gcc-activity-7467107060342788097-ZqDk,"Sachin Kulkarni, President, Global Services, Fiserv, brings deep leadership experience in scaling global operations and driving enterprise transformation. As GCCs take on more strategic roles, leaders like him are shaping how organizations build resilient, high-impact, and future-ready capabilities from India.

Join the leaders defining the future enterprise at the ETGCCWorld Global Capability Centers Growth Summit 2026, Pune.

Express interest: https://lnkd.in/gR7zM8uc

#ETGCCGrowthSummit #ETGCCGrowthSummitPune #GCC #GlobalCapabilityCentres #GCCLeaders #Leadership #GCCCommunity #GCCNews #GCCTrends #ETGCCWorld"
,Pune,2026-06-05T10:30:01.057Z,Pawan Panjwani; Akshay Nigam; Anuj Bhatnagar; Aritra Ghosh; Carsten Thoma; Gurukrishnan P; Kaushik Mitra; Kunal Shah; Laila Beswick; Malhar Kamdar; Pooja Y.; Santhosh P Raj; Sayantan Debnath; Shantheri Mallaya; Tarun Shiva; Vaibhav Bansal; Vijay Shankar; Saurabh Gupta; Abuzar Manager; Suresh Krishna; Rohit Gupta; Sriniketh Chakravarthi; Manu Saale; Saurabh Kumar; Vijayaraman Subramanian; Geetha Thiagarajan SHRM-SCP (She; Her); Sridhar Babu Duddilla; Anjali Singh; Rajeev Mall; Amit Srivastava; Sameek Roychoudhuri; Vijay Chandramohan; Sanjay Kumar Singh; Rohitashwa Aggarwal; Roop Kaistha; Sanjana B; The Hindu BusinessLine undefined; Vikram Ahuja; Jackie Crockford; Magnus Nord; Nanda K Lakkaraju; Sumit Mehra; Matthias Schacke; Ganesh Baliga; AMLAN DAS; Bart Vandeputte; Frank Bolata; Patrick Govaert; Ramesh Kalanje; Sindhu Gangadharan; Karun Azhisur; Abhinav Goel; Yadhu Kishore N; Deepak Visweswaraiah; Mohammad Kaif; Avichal Khera; Aruna Ramakrishnan; Sambasiva .; Himadri Ganguly; Priyank M Kharge; Apoorva Shukla; Biju Raj Payoli Komath; Diwakar Rai,linkedin_metadata,https://www.linkedin.com/posts/et-gcc_etgccgrowthsummit-etgccgrowthsummitpune-gcc-activity-7468610071275560960-3CAH,"Pawan Panjwani, Chief Executive Officer, AB India, brings a sharp leadership perspective on how GCCs are evolving into enterprise builders, where success depends on aligning technology with strong organizational vision and execution.

Join the leaders shaping the future of AI-led, high-impact enterprises at the ETGCCWorld Global Capability Centers Growth Summit 2026, Pune.

18th June 2026 | Conrad, Pune
Express interest: https://lnkd.in/gR7zM8uc

#ETGCCGrowthSummit #ETGCCGrowthSummitPune #GCC #GlobalCapabilityCentres #GCCLeaders #Leadership #GCCCommunity #GCCNews #GCCTrends #ETGCCWorld"
The role of hackathons inside GCCs,,2026-05-30T12:02:05.534Z,,ollama_qwen,https://www.linkedin.com/posts/et-gcc_gcc-globalcapabilitycentres-gccindia-activity-7466458915418079232-fmaQ,"The role of hackathons inside GCCs has expanded significantly over the last few years. Collaboration and creativity may be the immediate outcomes, but their importance now dwells far beyond engagement numbers.

Companies are increasingly designing innovation challenges around pressing business priorities. This includes building new-age use cases such as AI-led automation, cybersecurity, sustainability and customer experience.

The impact of hackathons extends beyond existing employees. Across India, hackathons have transformed from niche campus activities into mainstream talent acquisition channels. Several firms now view them as one of the most effective indicators of engineering potential.

Success at a major hackathon can open doors that conventional campus recruitment may not.

Read more in our weekly newsletter 👇 
https://lnkd.in/gzYFN7_f

#GCC #GlobalCapabilityCentres #GCCIndia #GCCNews #News #GCCLeaders #Hackathons #GCCHiring #Hiring #Talent #AI #Jobs #GCCTrends #Trends #GCCCommunity #Leadership #GCCWeekly #Newsletter #ETGCCWorld"
Guidewire Software,,2026-05-29T12:54:41.929Z,Debroop Roy; Mohammed Anzy S; Alok Diwakar (ADi); Harpreet Duggal; Praveen Medisetti; Sekhar Konidena; Vaishnavi D.,linkedin_metadata,https://www.linkedin.com/posts/et-gcc_thetechtitans-ai-software-activity-7466109766432415744-vSBb,"“Software creation will probably be 20 per cent of the work. The other 80 per cent is making sure everything around that software is rightly taken care of.”

As AI makes it easier than ever to build applications, are we underestimating what it takes to run software at enterprise scale?

In this episode of The Tech Titans, Mohammed Anzy, Managing Director & Vice-President, Guidewire Software India, breaks down the hidden challenges behind enterprise technology and talks about managing governance and data access rights.

In conversation with Debroop Roy.

Full episode out now 👇 
https://lnkd.in/gPDZXVcG

#TheTechTitans #AI #Software #GCC #GlobalCapabilityCentres #GCCIndia #GCCCommunity #Technology #News #Trends #Insurance #Guidewire #GCCLeaders #Leadership #ETGCCWorld Guidewire Software (formerly Cyence)"
SBM Offshore,Bengaluru,2026-05-27T11:10:29.287Z,Brathaban Karuppaiah; Oivind Tangen,linkedin_metadata,https://www.linkedin.com/posts/et-gcc_gcc-sbmoffshore-gccindia-activity-7465358765219880960-WrJd,"SBM Offshore has inaugurated a new office in Bengaluru as the Dutch energy infrastructure company deepens India’s role in its global engineering, supply chain and digital operations.

The company currently employs about 790 professionals in India and plans to add another 200 roles across engineering and digital functions in the near term.

The inauguration was attended by SBM Offshore CEO Oivind Tangen, alongside Scott Sandlin, country chair for India at ExxonMobil, and Anne Cremers, deputy consul general at the consulate general of the Kingdom of the Netherlands.

“We wanted to give an office to our employees on par with international offices,”  Brathaban Karuppaiah, country general manager of SBM Offshore India, told ETGCCWorld. “When you walk into any office, be it in Monaco, Rotterdam or India, you shouldn’t feel any difference at all.”

Read the full story. 👇
https://lnkd.in/ecSHZr8w

#GCC #SBMOffshore #GCCIndia #GCCLeaders #GCCNews #News #GCCTrends #GCCCommunity #ETGCCWorld"
Western Union,Pune,2026-05-27T11:08:00.941Z,Rajeev Mago; Devin McGranahan; Vijayakumar C; Sridhar Babu Duddilla,linkedin_metadata,https://www.linkedin.com/posts/et-gcc_etgccgrowthsummit-etgccgrowthsummitpune-gcc-activity-7465358143011766273-QCJG,"Rajeev Mago, VP, Technology and Head, India GCCs, Western Union, highlights a key shift as GCCs evolve, where creating meaningful, growth-driven workplaces becomes critical to attracting and retaining top talent while enabling long-term innovation.

Join the leaders shaping future-ready GCC ecosystems at the ETGCCWorld Global Capability Centers Growth Summit 2026, Pune.

Express interest: https://lnkd.in/gR7zM8uc

#ETGCCGrowthSummit #ETGCCGrowthSummitPune #GCC #GlobalCapabilityCentres #GCCLeaders #Leadership #GCCCommunity #GCCNews #GCCTrends #ETGCCWorld"
Regeneron,Hyderabad,2026-05-26T06:30:56.337Z,Rajiv Onat,linkedin_metadata,https://www.linkedin.com/posts/et-gcc_gcc-globalcapabilitycentres-gccindia-activity-7464926026503008256-DxsO,"US biotechnology company Regeneron Pharmaceuticals on Tuesday announced its plans to establish a global capability centre in Hyderabad.

The GCC is expected to become operational in the second half of 2026 and create hundreds of roles over the coming years, the company said.

“Regeneron is a place where science leads, teams collaborate, and people grow by tackling challenges that ultimately help patients in need. That combination of purpose, momentum and opportunity is what sets Regeneron apart,” said Rajiv Onat, executive director, Regeneron GCC.

Regeneron develops biotechnology therapies across areas including oncology, immunology, cardiovascular diseases, infectious diseases and rare disorders. The company currently has 15 approved or authorised medicines and nearly 50 pipeline candidates globally.

#GCC #GlobalCapabilityCentres #GCCIndia #GCCLeaders #Leadership #Hyderabad #Telangana #News #Pharma #ETGCCWorld"
OSBIndia Private Limited,Bengaluru,2026-05-25T06:41:15.797Z,Anil Kumar Pillai,linkedin_metadata,https://www.linkedin.com/posts/et-gcc_gcc-globalcapabilitycentres-gccindia-activity-7464566236841029633-iELI,"OSB India has appointed Anil Pillai as Technology Director at its Bengaluru centre.

In his new role, Pillai will lead the center and join the group CIO senior leadership team, overseeing technology initiatives aimed at supporting innovation, scalability and enterprise transformation. 

Pillai brings nearly three decades of experience in banking and financial services technology. He has previously held senior leadership positions at Commonwealth Bank of Australia, Wells Fargo and ANZ, where he worked on building GCCs. 

OSBIndia Private Limited Anil Kumar Pillai #GCC #GlobalCapabilityCentres #GCCIndia #GCCLeaders #Leadership #GCCCommunity #GCCNews #GCCTrends #News #Trends #ETGCCWorld"
Southwest Airlines,Hyderabad,2026-05-20T06:50:50.628Z,Krishna Kallepalli; Lauren Woods; Sridhar Babu Duddilla,linkedin_metadata,https://www.linkedin.com/posts/et-gcc_gcc-globalcapabilitycentres-gccindia-activity-7462756708528971778-gTAq,"Southwest Airlines has launched its first-ever Global Innovation Centre outside the United States in Hyderabad.

The facility will focus on capabilities across AI and machine learning, data science, analytics, cybersecurity, digital engineering, enterprise platforms and next-generation aviation technology solutions.

The office was inaugurated by Sridhar Babu Duddilla, minister of information technology, electronics, communications, industries & commerce, and legislative affairs, Government of Telangana, in the presence of Southwest Airlines executives including Lauren Woods, executive vice-president and chief information officer, and Krishna Kallepalli, vice-president and global head of innovation, India.

“Hyderabad is one of the deepest analytics, engineering, and innovation talent pools in the world, making it an ideal location for the next phase of our journey,” said Woods.

Read more 👇 
https://lnkd.in/g7RB4s7y

#GCC #GlobalCapabilityCentres #GCCIndia #GCCHyderabad #Hyderabad #Telangana #SouthwestAirlines #Airlines #GCCNews #GCCCommunity #News #Trends #ETGCCWorld"
Engineering the future enterprise,Pune,2026-05-19T10:14:32.928Z,Akshat Mishra; Debroop Roy; Mohd Kaif; Saurabh Kumar,ollama_qwen,https://www.linkedin.com/posts/et-gcc_etgccgrowthsummit-etgccgrowthsummitpune-gcc-activity-7462445584705085440-7qxi,"Engineering the future enterprise is already in motion.

As AI, digital engineering, and Industry 4.0 accelerate, GCCs are evolving into full-scale enterprise builders driving product, platforms, and global innovation. At the heart of this shift stands Pune, India’s engineering powerhouse.

The ETGCCWorld Global Capability Centers Growth Summit 2026, Pune brings together leaders to decode how GCCs are scaling impact, owning products, and shaping AI-native enterprises for the next decade.

18th June 2026 | Conrad, Pune

Register now: https://lnkd.in/gR7zM8uc

#ETGCCGrowthSummit #ETGCCGrowthSummitPune #GCC #GlobalCapabilityCentres #GCCLeaders #Leadership #GCCCommunity #GCCNews #GCCTrends #ETGCCWorld"
Amtech Software,Bengaluru,2026-05-25T06:50:54.288Z,Vinod Kumar; SPHRi,linkedin_metadata,https://www.linkedin.com/posts/et-gcc_gcc-globalcapabilitycentres-gccindia-activity-7464568663208124416-nfB5,"Amtech Software has opened a new technology and innovation hub in Bengaluru. 

The company, which serves more than 1,250 manufacturing plants worldwide, plans to significantly expand its workforce in Bengaluru over the coming year as it builds a multi-functional centre designed to support global customers. 

“Bengaluru is one of the world’s most dynamic technology ecosystems. We believe the strongest companies are built by people who feel genuine ownership over their work. This is the environment we’re committed to building,” added Vinod Kumar,SPHRi, chief people and culture officer and managing director, India, Amtech Software.

The facility will also become the permanent base for a growing number of global leadership and specialist roles with global responsibilities.

Amtech Software Amtech Software India #GCC #GlobalCapabilityCentres #GCCIndia #GCCLeaders #Leadership #GCCCommunity #GCCNews #GCCTrends #News #Trends #ETGCCWorld"
The GCC conversation,Pune,2026-05-21T12:11:00.173Z,Rohit Gupta; Sriniketh Chakravarthi,ollama_qwen,https://www.linkedin.com/posts/et-gcc_gcc-globalcapabilitycentres-gccgrowthsummit-activity-7463199667066011650-LXyY,"The GCC conversation is moving to Pune.

We’re talking AI-first enterprises, deep-tech engineering, product ownership and the future of global operations.

That’s the energy expected at the ETGCCWorld GCC Growth Summit, Pune, where the top leaders engineering the future enterprise will converge, converse and collate their ideas to decide what comes next.

Are you in?

Register Now: https://lnkd.in/d6Sech9T

#GCC #GlobalCapabilityCentres #GCCGrowthSummit #GCCPune #GCCCommunity #Pune #Maharashtra #ETGCCWorld"
Celonis,Mumbai,2026-05-21T12:27:09.054Z,Alexander Rinke; Arun Krishnamurthy; Atul Srivastava; Carsten Thoma; Kaushik Mitra; Kunal Shah; Malabika Mukherjee; Malhar Kamdar; Meenakshi Chorge; Naveen Goel; Nitin Saxena; Rohit Vyas; Sambasivan G; Saurabh Kumar; Sayantan Debnath; Srinivas Vaman Gollapudi; Tanmay Mullerpattan; Vaibhav Bansal; Vijay Shankar; Dilipkumar Khandelwal,linkedin_metadata,https://www.linkedin.com/posts/et-gcc_brandconnectinitiative-celonis-enterpriseai-activity-7463203730847387648-zu9v,"#BrandConnectInitiative

The future of Enterprise AI is being industrialized right here in Mumbai.

We are proud to unveil the speaker lineup for Celonis Process Intelligence Day Mumbai 2026. Industry leaders and transformation pioneers are coming together to share how they are leveraging Process Intelligence to move beyond AI experimentation and deliver measurable business impact across their operations.

Join us for an exclusive day of bold conversations, actionable insights, and real world use cases on how to give AI the business context it needs to truly work.

Hosted by Celonis in association with The Economic Times

📍 The Leela, Mumbai
📅 May 22, 2026

Request your invite and join the conversation:
https://lnkd.in/g3-wdwnH

Sambasivan G | Arun Krishnamurthy | Vijay Shankar | Meenakshi Chorge | Nitin Saxena | Malabika Mukherjee | Tanmay Mullerpattan | Srinivas Vaman Gollapudi | Naveen Goel | Atul Srivastava | Vaibhav Bansal | Saurabh Kumar | Alexander Rinke | Carsten Thoma | Malhar Kamdar  | Kaushik Mitra | Kunal Shah | Rohit Vyas | Sayantan Debnath

 #Celonis #EnterpriseAI #ProcessIntelligence #IndustrializeAI #DigitalTransformation #Innovation #EconomicTimes #Mumbai"
MANN+HUMMEL,,2026-05-20T12:49:18.684Z,Sudeesh Karimbingal,linkedin_metadata,https://www.linkedin.com/posts/et-gcc_gcc-globalcapabilitycentres-gccindia-activity-7462846919854301184-ko7Q,"Filtration technology company MANN+HUMMEL has launched a new global technology & innovation center in Tumkur, Karnataka, as part of a broader India expansion that will see combined investments exceeding ₹100 crore.

The company said the Tumkur facility will serve as its largest development centre outside Germany, strengthening India’s role as a strategic hub for engineering, filtration technology and product innovation.

The centre integrates research labs, testing infrastructure, digital engineering and data analytics capabilities to support product development across mobility, industrial filtration, clean air and water purification segments.

“The new facility in Tumkur is a testament to India’s growing role as a strategic growth and engineering powerhouse for MANN+HUMMEL globally,” said Sudeesh Karimbingal. “This center transitions India from a support hub to a strategic engineering powerhouse.”

Read 👇 
https://lnkd.in/gk89vvCC

#GCC #GlobalCapabilityCentres #GCCIndia #GCCLeaders #GCCCommunity #GCCNews #GCCTrends #News #Trends #Karnataka #ETGCCWorld"
Landis+Gyr,,2026-05-23T05:22:40.198Z,Biju Raj Payoli Komath; Ganesh Kashyap; Ramarko Sengupta,linkedin_metadata,https://www.linkedin.com/posts/et-gcc_gcc-globalcapabilitycentres-gccindia-activity-7463821682454110208-CgDK,"A recent survey noted that 75 per cent of Fortune 500 companies with an India presence now manage at least one global product entirely out of India, from early R&D and patent filings to go-to-market strategy and lifecycle management.

Patents filed out of India have multiplied sharply, and the numbers are being cited with increasing pride by GCC leaders.

“Within the last two years, this centre has generated more than 25 patents, taking the total to over 60 patents in the last seven to eight years,” Ganesh Kashyap of Landis+Gyr told ETGCCWorld.

Similarly, fintech major Broadridge today counts 24 global patents from its India teams, said Biju Raj.

Read more in our weekly newsletter and subscribe 👇 
https://lnkd.in/gZWdF3eE

#GCC #GlobalCapabilityCentres #GCCIndia #GCCCommunity #News #Patents #IP #Newsletter #GCCWeekly #GCCNews #GCCTrends #GCCLeaders #Leadership #ETGCCWorld"
FEG,Hyderabad,2026-05-21T07:38:59.944Z,Avinash Gupta,linkedin_metadata,https://www.linkedin.com/posts/et-gcc_gcc-globalcapabilitycentres-hyderabad-activity-7463131215064207360-7TUc,"Fortuna Entertainment Group has inaugurated a new global capability centre in Hyderabad and committed to investing €12 million in India over the next five years as it looks to strengthen technology, AI and digital capabilities supporting its global operations.

The Hyderabad GCC will serve as a strategic technology and innovation hub for FEG’s omnichannel betting and gaming operations across multiple European markets, with a focus on AI-driven automation, predictive analytics and customer experience optimisation.

“What started with a single capability has today grown into a high-impact technology hub spanning BI, AI, software testing, IT monitoring, automation, and gaming operations. The Hyderabad GCC is now deeply embedded into FEG’s global strategy and will continue to drive innovation, agility, and long-term business value,” said Avinash Gupta, managing director, FEG India Solutions.

FEG FEG INDIA #GCC #GlobalCapabilityCentres #Hyderabad #Telangana #News #GCCNews #GCCCommunity #GCCTrends #ETGCCWorld"
Global chemicals major BASF,Hyderabad,2026-05-27T09:54:05.255Z,,ollama_qwen,https://www.linkedin.com/posts/et-gcc_gcc-basf-gccindia-activity-7465339538396254209--304,"Global chemicals major BASF will establish a global service hub and a global digital hub in Hyderabad through its global business services organisation, with operations expected to commence in the second quarter of 2026.

The new hubs will strengthen capabilities in analytics, process management and digital operations, while deepening industry-academia collaboration and integrating Telangana further into BASF's global operations landscape.

Read the full story. 👇
https://lnkd.in/grgPzzXq

#GCC #BASF #GCCIndia #GCCLeaders #GCCNews #News #GCCTrends #GCCCommunity #ETGCCWorld"
BNY,Pune,2026-05-26T10:03:36.479Z,Sudish Lambodara Panicker,linkedin_metadata,https://www.linkedin.com/posts/et-gcc_etgccgrowthsummit-etgccgrowthsummitpune-gcc-activity-7464979546417713152-pbk2,"Sudish Lambodara Panicker, Global Co-Head Fund and Investor Solutions Operations and Site Executive, BNY India, brings deep expertise in building high-performing GCCs that drive enterprise value. As GCCs evolve into strategic growth engines, leaders like him are shaping how global organizations operate, innovate, and scale from India.

Be part of the conversations defining the future enterprise at the ETGCCWorld Global Capability Centers Growth Summit 2026, Pune.

18th June 2026 | Conrad, Pune
Express interest: https://lnkd.in/gR7zM8uc

#ETGCCGrowthSummit #ETGCCGrowthSummitPune #GCC #GlobalCapabilityCentres #GCCLeaders #Leadership #GCCCommunity #GCCNews #GCCTrends #ETGCCWorld"
UPS,Chennai,2026-05-26T09:49:08.590Z,Dr. Subramani Ramakrishnan,linkedin_metadata,https://www.linkedin.com/posts/et-gcc_gcc-chennai-tamilnadu-activity-7464975906227351552-u0OW,"Logistics giant UPS has expanded its Chennai global capability centre with the inauguration of its Phase 3 facility, as the company continues to scale operations and workplace infrastructure in India.

The expansion was announced by Dr. Subramani Ramakrishnan, technology and GCC leader at UPS.

The Chennai GCC supports UPS’s global technology and enterprise operations and forms part of the company’s broader capability centre footprint in India.

#GCC #Chennai #TamilNadu #GCCIndia #News #GCCCommunity #Trends #UPS #ETGCCWorld"
Dassault Systèmes,Pune,2026-05-21T09:27:23.258Z,Manish Tambe,linkedin_metadata,https://www.linkedin.com/posts/et-gcc_etgccgrowthsummit-etgccgrowthsummitpune-gcc-activity-7463158491940048896-1wl5,"Manish Tambe, VP - Global Cloud Transition, Dassault Systèmes highlights how virtual twins are becoming core to engineering-led enterprises, enabling GCCs to unify data, people, and processes while driving resilience and innovation at scale.

Join the leaders exploring this transformation at the ETGCCWorld Global Capability Centers Growth Summit 2026, Pune.

Express interest: https://lnkd.in/gR7zM8uc

#ETGCCGrowthSummit #ETGCCGrowthSummitPune #GCC #GlobalCapabilityCentres #GCCLeaders #Leadership #GCCCommunity #GCCNews #GCCTrends #ETGCCWorld"
The Magnum Ice Cream Company,Pune,2026-06-04T05:30:00.417Z,Abhishek Mendiratta,linkedin_metadata,https://www.linkedin.com/posts/et-gcc_etgccgrowthsummit-etgccgrowthsummitpune-gcc-activity-7468172183253655552-vLp5,"Abhishek Mendiratta, Director, Pune GBS Head, The Magnum Ice Cream Company, highlights a defining reality of the AI era, where success lies in balancing ownership of core models and data with the ability to build smart, value-driven partnerships.

Join him and 40+ other top GCC leaders engineering the future enterprise at ETGCCWorld Growth Summit, 2026 at Conrad, Pune.

Express interest: https://lnkd.in/gR7zM8uc

#ETGCCGrowthSummit #ETGCCGrowthSummitPune #GCC #GlobalCapabilityCentres #GCCLeaders #Leadership #GCCCommunity #GCCNews #GCCTrends #ETGCCWorld"
AkzoNobel,Pune,2026-05-18T11:53:25.875Z,Deepak Malkani,linkedin_metadata,https://www.linkedin.com/posts/et-gcc_etgccgrowthsummit-etgccgrowthsummitpune-gcc-activity-7462108081422839808-K_9i,"Deepak Malkani of AkzoNobel underscores a defining reality for GCCs as they evolve into enterprise builders, where the ability to reskill at the pace of disruption will determine who leads and who lags.

Join Malkani and several other top leaders shaping future-ready, adaptive enterprises at the ETGCCWorld Global Capability Centers Growth Summit 2026, Pune.

Express interest: https://lnkd.in/d6Sech9T

#ETGCCGrowthSummit #ETGCCGrowthSummitPune #GCC #GlobalCapabilityCentres #GCCLeaders #Leadership #GCCCommunity #GCCNews #GCCTrends #ETGCCWorld"
Sun Life,,2026-05-18T09:57:33.784Z,Bianca Ilibasic; Laura Money; BASc; MBA; ICD.D; Hemanshi Tewari; Tarun Sareen,linkedin_metadata,https://www.linkedin.com/posts/et-gcc_gcc-globalcapabilitycentres-gccleaders-activity-7462078922239725569-qxOA,"Sun Life has appointed Bianca Ilibasic as managing director of Sun Life Global Solutions, its global capability centre operations spanning India and the Philippines.

Ilibasic, who previously served as vice-president and chief operations officer for Sun Life Asia, will oversee multi-functional teams across technology, operations, analytics, actuarial, finance, HR, and risk & compliance. 

“Over the past four years, Bianca has been a driving force behind operational excellence and digital transformation, leading with clarity, courage, and a deep commitment to our Purpose. She is a visionary, insights driven leader who brings energy, heart, and ambition to everything she does,” said Laura Money, EVP and chief information and technology innovation officer, Sun Life. 

Read 👇 
https://lnkd.in/gDJyepzZ

#GCC #GlobalCapabilityCentres #GCCLeaders #Leadership #GCCIndia #GCCCommunity #GCCNews #GCCTrends #Insurance #SunLife #News #ETGCCWorld"
Novo Nordisk,Bengaluru,2026-05-15T13:45:37.370Z,John Dawber; Saurabh Kumar,linkedin_metadata,https://www.linkedin.com/posts/et-gcc_gcc-globalcapabilitycentres-gccindia-activity-7461049151762644992-HML1,"“If we’ve got the courage and the confidence to say to the headquarters, ‘Hey, we’ve looked at this process. We think we can re-engineer it with AI,’ then we start to own the narrative.”

That, perhaps, was the most defining line from the latest episode of GCC Unplugged with John Dawber of Novo Nordisk.

At Novo Nordisk’s Bengaluru center, teams are handling pharmacovigilance for global markets, contributing to obesity drug launch workflows in the US, building regulatory submissions, and increasingly rethinking enterprise processes with AI at the center.

A key insight? The GCCs that thrive over the next decade may be the ones willing to redesign how work itself gets done.

In conversation with Saurabh Kumar.

Full episode out now 👇 
https://lnkd.in/gbEKdpbd

#GCC #GlobalCapabilityCentres #GCCIndia #GCCCommunity #GCCUnplugged #Podcast #GCCLeaders #Leadership #News #Trends #ETGCCWorld"
"As companies deepen investments in AI and engineering, a growing slew of India-based leaders are now taking ownership of global mandates, changing where key decisions are truly made.

However, it",,2026-05-16T06:43:32.736Z,Rohit Gupta; Sriniketh Chakravarthi,ollama_qwen,https://www.linkedin.com/posts/et-gcc_gcc-gccweekly-globalcapabilitycentres-activity-7461305320414281728-lXu7,"As companies deepen investments in AI and engineering, a growing slew of India-based leaders are now taking ownership of global mandates, changing where key decisions are truly made.

However, it is worth being precise about what this shift really involves. Global leadership roles are not migrating to India uniformly or completely at once. It is moving function by function, with the depth of authority varying considerably, depending on the organisation and the role. 

And the question worth examining is not simply whether India is getting more global titles, but whether those titles come with real decision rights.

We try to find an answer in this week's edition of the GCC Weekly. 

Read and subscribe 👇 
https://lnkd.in/gzYFN7_f

#GCC #GCCWeekly #GlobalCapabilityCentres #GCCIndia #GCCLeaders #Leadership #AI #GCCCommunity #GCCNews #GCCTrends #News #Trends #GCCNewsletter #Newsletter #ETGCCWorld"
Generac Holdings Inc,Pune,2026-05-15T11:01:13.431Z,Shyam Sunder,linkedin_metadata,https://www.linkedin.com/posts/et-gcc_gcc-generac-gccindia-activity-7461007779403616256-7KU0,"US-based power components manufacturer Generac Holdings Inc has opened a global capability centre (GCC) in Pune, marking a major step in the company’s global expansion and capability-building strategy. 

“The GCC will play a critical role in advancing Generac’s technology, digital, and business capabilities, while also serving as a hub for developing future-ready leadership and deep technical expertise,”said Shyam Sunder, VP-Global Business and Technology Center, Generac India.

Read the full story. 👇
https://lnkd.in/gNaQQ89F

#GCC #Generac #GCCIndia #GCCLeaders #GCCNews #News #GCCTrends #GCCCommunity #ETGCCWorld"
The Hartford,Hyderabad,2026-02-23T15:57:47.509Z,Shekar Pannala,linkedin_metadata,https://www.linkedin.com/posts/gcc-marketwatch_thehartfordgcc-hyderabadtech-gccexpansion-activity-7431728996062642176-XHjf,"US insurer The Hartford has launched its first technology center in Hyderabad - a 160,000 sq ft GCC set to create 1,200 jobs in AI, digital platforms, and engineering services. Inaugurated by Telangana IT Minister Duddilla Sridhar Babu, it joins Microsoft/Google hubs, leveraging the city's talent for global tech transformation. CIO Shekar Pannala: ""A magnet for India's engineering excellence to shape insurance innovation.""
#TheHartfordGCC #HyderabadTech #GCCExpansion #AITransformation #InsuranceTech #TelanganaIT"
Vanderlande,Pune,2026-02-09T07:01:59.863Z,Astrid van Druten,ollama_qwen,https://www.linkedin.com/posts/gcc-marketwatch_vanderlandegcc-puneinnovation-indiagcc-activity-7426520728943931392-65ER,"Vanderlande, a global logistics automation leader, has opened its India Innovation Centre in Pune - now its second-largest tech hub worldwide after the Netherlands. Spanning two acres, the GCC drives R&D in robotics, AI, autonomous systems, and digital-physical integration for airports, warehousing, and parcels. This boosts Vanderlande's 1,300+ India team, creating specialized engineering jobs and high-value innovation.
#VanderlandeGCC #PuneInnovation #IndiaGCC #LogisticsTech #AIinAutomation #GCCExpansion"
Toast,Bengaluru,2026-02-03T05:48:22.650Z,Kavita Viswanath; Steve Fredette,linkedin_metadata,https://www.linkedin.com/posts/gcc-marketwatch_toastgcc-bengalurutech-gccexpansion-activity-7424327874616426496-YbPi,"Toast has launched a new 64,000 sq ft global technology center in Bengaluru's RMZ Ecoworld, marking significant expansion since establishing its India presence in 2022. The facility supports 4x headcount growth across engineering, AI/ML, fintech, product development, and customer operations, featuring a unique Customer Experience Center simulating real restaurant environments. Bengaluru continues to solidify its position as India's premier hub for global tech innovation and capability centers.
#ToastGCC #BengaluruTech #GCCExpansion #IndiaTech #GlobalCapabilityCenters

Kavita Viswanath Steve Fredette"
Amazon,Bengaluru,2026-02-24T06:01:03.162Z,,ollama_qwen,https://www.linkedin.com/posts/gcc-marketwatch_amazonindia-bengalurutechhub-corporateexpansion-activity-7431941209612443648-ejhf,"Amazon has inaugurated its second-largest office campus in Asia, a sprawling 1.1 million sq ft, 12-storey facility at Vinayak Nagar near Yelahanka, Bengaluru, which will support over 7,000 employees across e-commerce, operations, technology, payments and seller services, marking its 10th corporate office in Karnataka. The launch underlines Amazon’s deepening commitment to India’s digital ecosystem, accompanied by a bold plan to invest $35 billion over the next four years to empower small businesses and generate jobs nationwide. Karnataka’s Commerce & Industries Minister M B Patil highlighted the state’s strategic appeal to global investors and long-standing partnership with Amazon as Bengaluru continues to evolve as a leading tech and innovation hub.
 #AmazonIndia #BengaluruTechHub #CorporateExpansion #InnovationEcosystem #FutureOfWork"
PreferCo,Hyderabad,2026-02-23T06:01:09.724Z,Rohit Gupta; Sriniketh Chakravarthi,ollama_qwen,https://www.linkedin.com/posts/gcc-marketwatch_biotechinnovation-bioe3-hyderabad-activity-7431578849269796864-NSyj,"Glatt, a global leader in process technology has partnered with PreferCo, a biotech innovator based in Hyderabad, to establish the PreferCo-Glatt Centre of Excellence for Bioprocess Scale-Up in Genome Valley, Hyderabad. This marks an important step forward in advancing India’s BioE3 (Biotechnology for Economy, Environment & Employment) mission.
The cutting-edge facility is designed to close the gap between laboratory research and large-scale manufacturing, featuring 1,500-litre bioreactor capacity, advanced automation, sophisticated instrumentation, and AI-driven process intelligence to fast-track microbial precision fermentation.
Accessible to startups, academic institutions, and industry players, the Centre will extend support beyond biopharma into areas such as personal care, wellness, sustainable materials, and bio-based chemicals - helping accelerate commercialization and reduce scale-up risks.
Overall, this strategic collaboration strengthens India’s bioprocessing ecosystem and further solidifies Hyderabad’s standing as a leading global biotech innovation hub.
A global process technology leader, and PreferCo, A Hyderabad-based biotech innovator, have launched the PreferCo-Glatt Centre of Excellence for Bioprocess Scale-Up in Genome Valley, Hyderabad a significant milestone for India’s BioE3 (Biotechnology for Economy, Environment & Employment) vision. This state-of-the-art facility bridges the critical gap between lab innovation and commercial manufacturing by offering 1,500-litre bioreactor capacity, automation, advanced instrumentation, and AI-enabled process intelligence to accelerate microbial precision fermentation. Open to startups, academia, and industry, the CoE will support sectors beyond biopharma, including personal care, wellness, sustainable materials, and bio-based chemicals, to shorten development timelines and de-risk scale-up challenges.This collaboration not only strengthens India’s bioprocessing infrastructure but also reinforces Hyderabad’s position as a global biotech innovation hub.
#BiotechInnovation #BioE3 #Hyderabad #Bioprocessing #PrecisionFermentation #GlobalCapabilityCenters

Glatt Group"
Alphabet is expanding its Bengaluru operations amid tightening US H-1B visa rules. The company,Bengaluru,2026-02-04T09:19:49.523Z,,ollama_qwen,https://www.linkedin.com/posts/gcc-marketwatch_alphabetindia-bengalurutech-gccexpansion-activity-7424743475084070912-Omrw,"Alphabet is expanding its Bengaluru operations amid tightening US H-1B visa rules. The company has leased one office tower at Alembic City in Whitefield and secured options on two more, spanning 2.4 million sq ft total. This move could create up to 20,000 jobs, more than doubling Google's current 14,000 India headcount. Bengaluru emerges as a strategic global hub for AI, cloud, and chip design amid visa challenges.
#AlphabetIndia #BengaluruTech #GCCExpansion #H1BVisa #IndiaTechJobs #GoogleCareers"
Sanofi,Hyderabad,2026-02-17T05:40:06.678Z,Amit Verma; Arun Palivela; Avinash Samrit; Biswajit Panda; Chakravarthy Aravapalli; Debasis Panda; Gaurav Sharma; Mohammed Anzy S; Mrinal Duggal; Naveen Gullapalli; Sairam Nair; Sandeep Kumar Jain; Sudhirr Nayar (he; him); Surabhi Sharma; Arvind Vaishnav; Ganesh Baliga; Nitesh Bansal; Ramarko Sengupta; Sharada Nandakumar; Mukta Arora; Pooja Singh; Rajeev Kapoor; Romit Sen; Vineet Dwivedi; Vybhava Srinivasan,ollama_qwen,https://www.linkedin.com/posts/gcc-marketwatch_sanofi-pharma-globalcapabilitycentre-activity-7429399224477175808-BTjD,"French pharmaceutical major Sanofi will expand its Hyderabad Global Capability Centre, increasing headcount from more than 2,600 to over 4,500 employees through a multi-hundred-million-dollar investment, with hiring planned across R&D, AI, data analytics, medical affairs, commercial and corporate functions, reinforcing India’s position as a strategic innovation and operations hub in the global life sciences ecosystem, as highlighted around the BioAsia conference.
#Sanofi #Pharma #GlobalCapabilityCentre #Hyderabad #IndiaGrowth"
Apple,Hyderabad,2026-02-02T17:50:38.246Z,,ollama_qwen,https://www.linkedin.com/posts/gcc-marketwatch_appleindia-hyderabadgcc-gccexpansion-activity-7424147249414275072-wLGJ,"Apple India has expanded its Hyderabad GCC by leasing an additional 57,000 sq ft at WaveRock IT Park, bringing the total footprint to 6.34 lakh sq ft. This expansion focuses on Apple Maps and geospatial technology development. Hyderabad continues to emerge as India's leading hub for global tech innovation centers.
#AppleIndia #HyderabadGCC #GCCExpansion #IndiaTech #GlobalCapabilityCenters"
Nasuni,Hyderabad,2026-02-25T05:07:12.459Z,Alison Bayiates; Barrie Kuza; Gunjandeep Kaur; Nick Burling; Peddareddappa G; Sam King; Sandeep Sharma; Sreekant Lanka; Andres Rodriguez; Lalit Ahuja; Vikram Ahuja,linkedin_metadata,https://www.linkedin.com/posts/gcc-marketwatch_techinnovation-globalgcc-hyderabadtech-activity-7432290046927507456-WrBc,"U.S. infrastructure software leader Nasuni has significantly expanded its R&D Global Capability Centre (GCC) in Hyderabad to accelerate innovation across its enterprise file data platform, particularly for modernizing file infrastructure and enabling AI-driven workflows. The expanded team in Hyderabad will collaborate closely with groups in the U.S. and Ireland on platform evolution, including semantic indexing, metadata intelligence, predictive analytics, resilient design and cybersecurity capabilities as part of Nasuni’s global engineering ecosystem. Starting from a team of two in August 2025, the centre aims to grow to around 125 professionals by year-end, underscoring Hyderabad’s strong talent ecosystem and the company’s commitment to scalable, secure file services for enterprise customers worldwide.
#TechInnovation #GlobalGCC #HyderabadTech #EnterpriseSoftware #AI #RAndDExpansion

Gunjandeep Kaur Sreekant Lanka Peddareddappa G Alison Bayiates Sam King Nick Burling Barrie Kuza Sandeep Sharma"
Festo,Bengaluru,2026-02-19T04:14:46.073Z,,ollama_qwen,https://www.linkedin.com/posts/gcc-marketwatch_festoindia-bengalurugcc-gccexpansion-activity-7430102522834374656-zTNT,"Festo, a global leader in industrial automation, has inaugurated its state-of-the-art GCC in Bengaluru's Electronics City Phase II, coinciding with 40 years of operations in India. Spanning 71,000 square feet, the new facility will create 600 high-skilled jobs in engineering, digital solutions, AI, machine learning, and R&D for Industry 4.0 technologies. This marks Festo's first dedicated GCC in India, reinforcing Bengaluru as a hub for global innovation while shifting manufacturing to Hosur, Tamil Nadu. The move underscores India's rising role in automation and smart manufacturing ecosystems.
#FestoIndia #BengaluruGCC #GCCExpansion #Industry40 #AutomationTech #IndiaManufacturing #AIR&D #40YearsFesto"
UBS,Hyderabad,2026-02-12T05:45:34.498Z,Matthias Schacke; Sridhar Babu Duddilla; Biswajit Panda,linkedin_metadata,https://www.linkedin.com/posts/gcc-marketwatch_ubs-nowhiring-hyderabad-activity-7427588660126109697-IGcq,"Swiss banking major UBS has inaugurated a new GCC in Hyderabad and plans to add nearly 3,000 professionals over the next two years, underscoring its long-term commitment to India’s talent and growth story. The state-of-the-art facility reinforces Hyderabad’s rising stature as a global hub for financial technology and operations. 
The centre was inaugurated in the presence of Sridhar Babu Duddilla, Telangana’s Minister for IT & Industries, who highlighted the city’s appeal to global firms, and UBS leadership, including Matthias Schacke, Head of India Service Company and Group Operation & Technology Office India, who spoke about expanding tech capabilities, including AI, from the new hub.
#UBS #NowHiring #Hyderabad"
Nokia,,2026-01-27T11:00:27.776Z,,ollama_qwen,https://www.linkedin.com/posts/gcc-marketwatch_nokiagcc-karnatakagcc-davos2026-activity-7421869698428002304-bIKw,"Nokia Corporation plans to set up a GCC and expand research operations in Karnataka, including Tier-2 cities. Industries Minister MB Patil announced this after discussions with Nokia executives at Davos 2026. 
#NokiaGCC #KarnatakaGCC #Davos2026 #WEF #GlobalCapabilityCenters #Tier2Expansion #IndiaTech #BengaluruTech #GCCGrowth #TechInvestments"
Unilever,Hyderabad,2026-01-21T07:45:33.469Z,Willem Uijen,linkedin_metadata,https://www.linkedin.com/posts/gcc-marketwatch_hyderabadgcc-unilevergcc-telanganarising-activity-7419646321755766784-GuSe,"Unilever eyes Hyderabad for its next GCC after high-level Davos 2026 talks between Telangana CM Revanth Reddy and Chief Supply Chain Officer Willem Uijen. Hyderabad was pitched as a thriving global hub, already home to GCCs from McDonald's, Heineken, and Costco. Telangana highlighted its policy continuity, lightning-fast approvals, renewable energy initiatives, and circular economy alignment with Unilever's climate goals. 
Hyderabad's GCC momentum accelerates as FMCG giants join tech leaders!
#HyderabadGCC #UnileverGCC #TelanganaRising #WEF2026 #GCCIndia #Davos2026 #FMCGTech"
Infosys,,2026-01-23T08:13:12.743Z,Salil Parekh; Sudhanshu Garg; Beena Parmar; Jayesh Sanghrajka; Rohit Gupta; Sriniketh Chakravarthi,linkedin_metadata,https://www.linkedin.com/posts/gcc-marketwatch_aihiring-davos2026-wef-activity-7420378056986607616-jQcx,"Infosys ramps up hiring: 20,000 fresh graduates in FY27 to fuel AI boom, as CEO Salil Parekh reveals at Davos 2026. Amid AI workloads surging in software, customer service, and legacy modernization, the tech giant eyes growth outweighing headwinds.
#AIHiring #Davos2026 #WEF #TechTalent #ArtificialIntelligence #IndiaTech #DigitalTransformation #JobCreation #Hiring2026"
GIFT City,,2026-01-20T10:59:01.125Z,Sanjay Kaul; Avichal Khera; Rohit Gupta; Sriniketh Chakravarthi,ollama_qwen,https://www.linkedin.com/posts/gcc-marketwatch_giftcity-wefdavos2026-indiagcc-activity-7419332619928186880-gjWP,"GIFT City rockets from outside top 100 to global #43 financial centre in just 4 years - now targeting 100,000 jobs by 2030, powering India's economic surge!
​At WEF 2026 Davos, GIFT City Group CEO Sanjay Kaul spotlighted 30+ bilateral meetings with C-suites, showcasing banking (JP Morgan, Morgan Stanley, 18 intl banks), fund mgmt, leasing, bullion exchanges, aircraft leasing & GCC/IT/ITeS hubs. 
​India's IFSC + GCC ecosystem is live on the world stage, inviting global setups amid our growth story.
#GIFTCity #WEFDavos2026 #IndiaGCC #GlobalHub #FintechIndia #GCCGrowth #WEF2026 #Davos #EconomicGrowth"
L'Oréal,Hyderabad,2026-01-22T06:42:11.325Z,Nicolas HIERONIMUS; Prashant Vijay,linkedin_metadata,https://www.linkedin.com/posts/gcc-marketwatch_globalcapabilitycenters-gcc-hyderabadgcc-activity-7419992762273574914-2XCr,"Hyderabad emerges as the global epicenter of Beauty Tech! L'Oréal announces its largest GCC investment—the world's first dedicated Beauty Tech hub—set for inauguration later this year with ₹3,500 crore by 2030. This standalone global center will pioneer AI-powered innovations, data analytics, and supply chain excellence, serving L'Oréal's worldwide operations and distinct from its Mumbai and Bengaluru units.
A major win for India's GCC ecosystem, underscoring Hyderabad's world-class talent, infrastructure, and business-friendly policies. Announced by CEO Nicolas HIERONIMUS at Davos with Telangana CM A. Revanth Reddy.
#GlobalCapabilityCenters #GCC #HyderabadGCC #BeautyTech #LOréalIndia #AIinBeauty #DigitalTransformation #IndiaTechHub"
Telangana Chief Minister A. Revanth Reddy announced at BioAsia 2026 in Hyderabad that the city,Hyderabad,2026-02-18T07:22:01.300Z,,ollama_qwen,https://www.linkedin.com/posts/gcc-marketwatch_hyderabad-telangana-lifesciences-activity-7429787258926555136-ICmv,"Telangana Chief Minister A. Revanth Reddy announced at BioAsia 2026 in Hyderabad that the city is poised to transition from being a “global vaccine capital” to a global life sciences capital,” backed by a robust policy framework, skilled talent, strong institutions, and over ₹73,000 crore of life sciences investments in the past two years. The city’s appeal as a hub for GCCs, research & design, AI platforms and digital manufacturing was highlighted alongside initiatives like the Telangana Next-Gen Life Sciences Policy, 1Bio innovation initiative and Green Pharma City. With strong global participation, Revanth expressed confidence that BioAsia could grow to rival forums like the World Economic Forum and further position Hyderabad at the forefront of the global life sciences ecosystem.
 #Hyderabad #Telangana #LifeSciences #Biotechnology #Pharma
#Healthcare"
Syensqo,Pune,2026-02-11T06:28:19.426Z,Bart Vandeputte; Frank Bolata; Patrick Govaert,linkedin_metadata,https://www.linkedin.com/posts/gcc-marketwatch_syensqogcc-punetech-indiagcc-activity-7427237030348263424-Ffii,"Syensqo has officially launched its Global Capability Center in Pune -accelerating IT innovation in cloud, cybersecurity, and AI for worldwide ops. Belgian giant leverages India's talent to power sustainable transformation.
#SyensqoGCC #PuneTech #IndiaGCC #FintechInnovation #GCCExpansion

Frank Bolata Patrick Govaert Bart Vandeputte"
Nemetschek Group,Hyderabad,2026-01-30T06:57:55.584Z,Sanjay Kumar Singh,linkedin_metadata,https://www.linkedin.com/posts/gcc-marketwatch_aecinnovation-constructiontech-hyderabadtech-activity-7422895825707536385-1DAP,"Nemetschek Group accelerates India GCC expansion—doubling headcount from 170 to 340+ by 2027 across Hyderabad & Bengaluru. MD Sanjay Kumar Singh stated the focus remains on AI and cloud-native AEC software serving global markets, combining German engineering with India's digital construction boom.
​#AECInnovation #ConstructionTech #HyderabadTech #GlobalCapabilityCenters #GermanyIndia #DigitalTransformation"
EY,Hyderabad,2026-01-07T03:00:05.863Z,,ollama_qwen,https://www.linkedin.com/posts/gcc-marketwatch_gccnation-indiagcc-techjobs-activity-7414501053250859008-wjtj,"India is the GCC Nation: 90+ new tech centres added in 2025, creating ~4.5L jobs and driving 55% of global GCC capacity. No longer back offices, GCCs now power core tech, product development, and business functions for multinationals - Bengaluru (19%), Hyderabad (18%), and Pune (11%) lead the charge.​
#GCCNation #IndiaGCC #TechJobs #GlobalCapabilityCenters #Bengaluru #Hyderabad #Pune #DigitalIndia #FutureOfWork 

EY Quess Corp Limited Zinnov ANSR"
Sodexo,Hyderabad,2026-01-14T09:44:57.675Z,,ollama_qwen,https://www.linkedin.com/posts/gcc-marketwatch_gccgrowth-manufacturingindia-workplacesolutions-activity-7417139655554473984-lr3L,"Sodexo India, the group's fastest-growing global market, targets revenue doubling in three years, riding manufacturing investments in electronics, renewables, auto, and pharma alongside GCC expansion.​
Food services grew over 30% YoY, with facilities management in double digits; the firm supports greenfield projects from temp kitchens (70K-80K meals/day) to full integrated ops in South India hubs like Bengaluru, Hyderabad, Chennai.
#GCCGrowth #ManufacturingIndia #WorkplaceSolutions #IndiaGCC #FoodServices #FacilitiesManagement #MakeInIndia"
Arch Global Services India,Hyderabad,2026-01-08T05:17:12.731Z,P Rajeev; Prashant Nema,linkedin_metadata,https://www.linkedin.com/posts/gcc-marketwatch_trivandrumgcc-technopark-indiagcc-activity-7414897947102117889-0U66,"Arch Global Services India opens its new headquarters at Trivandrum’s Technopark—a 26,000 sq ft facility for nearly 350 employees, expandable by 17,000 sq ft to support underwriting, claims, finance, and risk operations. This flagship site builds on recent Hyderabad expansions and upcoming Pune launches, driving innovation in Kerala's tech hub. Arch partnered with ANSR on this strategic GCC setup.​
#TrivandrumGCC #Technopark #IndiaGCC #GCCExpansion #InsuranceTech #KeralaIT #InnovationHub #GlobalCapabilityCenters

P Rajeev Prashant Nema"
Cognizant,Hyderabad,2026-01-27T08:13:34.742Z,Surya Gummadi,linkedin_metadata,https://www.linkedin.com/posts/gcc-marketwatch_indiaexpansion-tier2cities-davos2026-activity-7421827700719255552-djZG,"Cognizant strengthens its India footprint by expanding into Tier-2 cities including Visakhapatnam, Indore, and GIFT City, alongside growth in Chennai, Hyderabad, Bengaluru, and Pune. Surya Gummadi, President, Cognizant Americas, stated at Davos 2026 that India serves as the core for AI associates and production hubs. The expansion aligns with client demand and an education shift toward AI skills.
#IndiaExpansion #Tier2Cities #Davos2026 #AITalent #TechHiring #WEF #IndiaTech #DigitalTransformation #GlobalTalent"
Walmart Global Tech,Bengaluru,2025-12-22T10:51:54.549Z,,ollama_qwen,https://www.linkedin.com/posts/gcc-marketwatch_walmartglobaltech-bengaluru-devanahalli-activity-7408821582636281856-wvr_,"Walmart Global Tech is expanding its Bengaluru presence with a new 1.01 lakh sq. ft office at Prestige Tech Cloud in Devanahalli, reinforcing North Bengaluru’s rise as a high‑value GCC and tech corridor. The five-year lease, signed at about ₹49 lakh a month, will support Walmart’s in-office, collaboration-led workplace model and power its contact center operations for U.S. customers from India’s tech capital.​
#WalmartGlobalTech #Bengaluru #Devanahalli #OfficeLease #GlobalCapabilityCenter #IndiaGCC #PrestigeTechCloud #TechCorridor #RealEstate #ContactCenter #FutureOfWork"
Rolls-Royce,,2026-01-13T06:48:09.290Z,Chandru Iyer; Helen McCabe,ollama_qwen,https://www.linkedin.com/posts/gcc-marketwatch_aeroengine-aviationgrowth-navalpropulsion-activity-7416732772897087489-Fzph,"Rolls-Royce is looking to position India as its third ""home market"" after the UK, eyeing major opportunities in jet engines, naval propulsion, and advanced engineering as India accelerates defence indigenisation and aviation growth.
This move underscores India's appeal as a propulsion and innovation hub for global majors.​
#AeroEngine #AviationGrowth #NavalPropulsion #AdvancedEngineering #GCCExpansion"
Hitachi,,2026-01-28T10:52:05.931Z,Bharat Kaushal,linkedin_metadata,https://www.linkedin.com/posts/gcc-marketwatch_hitachi-japan-employment-activity-7422229981402923009--J1n,"Hitachi India will expand its workforce by over 5,000 employees in the next five years, capitalizing on India's booming infrastructure and digital transformation opportunities.
Investments target energy, AI, and resources sectors, feeding into Hitachi's global centres of excellence, stated Bharat Kaushal, Executive Chairman of Hitachi India, during World Economic Forum discussions in Davos.
#Hitachi #Japan #Employment #Hiring #India #WEF"
Shell,Bengaluru,2026-02-13T05:47:26.970Z,Mansi Tripathy,linkedin_metadata,https://www.linkedin.com/posts/gcc-marketwatch_indiagcc-energy-oilandgas-activity-7427951519733456896-BnJy,"Shell is accelerating its growth in India across multiple fronts, deepening its presence in the integrated gas market and expanding its global capability centres (GCCs) in the country, according to Mansi Tripathy, Senior VP (APAC Lubricants) and Country Chair of Shell India. The company plans to sign additional LNG supply agreements, enhance capacity at the Hazira LNG regasification terminal, and work with partners to boost gas use in power, transport and other sectors as India increases gas’s share in its energy mix. India also serves as a key hub for Shell’s global finance and IT operations, with major GCCs based in Bengaluru and Chennai. Shell is strengthening its lubricants business in India, including products and services across a wide distributor network and continues to evaluate strategic moves in renewables.
 #IndiaGCC #Energy #OilAndGas #LNG #NaturalGas"
Facebook India,Hyderabad,2026-01-09T06:39:52.953Z,,ollama_qwen,https://www.linkedin.com/posts/gcc-marketwatch_hyderabadgcc-hiteccity-gccexpansion-activity-7415281139646521344-VyhF,"Facebook India has leased 69,702 sq ft of premium office space in Hyderabad's Skyview 20 building on a five-year deal at nearly ₹67 lakh monthly rent, with a 15% escalation after three years—reinforcing Hitec City's status as a top GCC and tech hub.​
This expansion by Meta's Indian arm follows its 2024 renewal of 367,000 sq ft in the same property, signaling sustained commitment to Hyderabad's talent and infrastructure amid record 82.6 million sq ft office absorption by tech firms across India in 2025.
​​#HyderabadGCC #HitecCity #GCCExpansion #IndiaTechHub #OfficeLease #GlobalCapabilityCenters #TechRealEstate #HyderabadTech"
STARLINK,Hyderabad,2026-01-05T06:52:06.665Z,,ollama_qwen,https://www.linkedin.com/posts/gcc-marketwatch_starlink-elonmusk-telangana-activity-7413834665595379712--Why,"Telangana is courting Elon Musk’s STARLINK to establish an engineering GCC in Hyderabad, positioning the city as a premier hub for high‑value tech and innovation operations. This strategic outreach, alongside discussions with T‑Mobile, underscores Hyderabad’s robust GCC ecosystem and engineering talent pool, distinct from satellite internet rollout plans.​
#Starlink #ElonMusk #Telangana #HyderabadGCC #GlobalCapabilityCenter #EngineeringGCC #IndiaGCC #TechHub #Innovation #GCCGrowth"
Novartis,Hyderabad,2025-12-18T06:51:39.632Z,Sriniketh Chakravarthi; Ganpat Anchaliya,ollama_qwen,https://www.linkedin.com/posts/gcc-marketwatch_hyderabad-indiar-globalcapabilitycenter-activity-7407311570629750784-M4hC,"Novartis is betting big on India by building its largest global R&D and corporate hub outside Switzerland, anchored in Hyderabad and Mumbai with 9,000+ associates contributing to nearly every late‑stage molecule in its pipeline. What began as a cost-focused GCC has evolved into a high-value innovation powerhouse, blending biomedical research, advanced analytics, AI-driven trials, and global drug development platforms—underscoring India’s shift from back office to a core engine of Novartis’ molecule‑to‑medicine journey.​
#Hyderabad #IndiaR&DHub #GlobalCapabilityCenter #PharmaInnovation #DrugDevelopment #AIinHealthcare #GCCinIndia #LifeSciences #BiotechIndia"
JLL,Hyderabad,2025-12-11T11:00:16.094Z,,ollama_qwen,https://www.linkedin.com/posts/gcc-marketwatch_hyderabad-globalcapabilitycenter-jllbusinessservices-activity-7404837419747078144-ggCp,"JLL is doubling down on India’s GCC strength with a new 120,000 sq. ft. JLL Business Services facility in Hyderabad’s Financial District, its second major capability center after Gurugram, set to create over 1,600 highly skilled roles by Q1 2026. The new hub in Prestige Sky Tech will go beyond traditional support to deliver analytics, tech-enabled solutions, and strategic advisory across finance, HR, project development, and complex business operations, powered by India’s deep real estate and digital talent.​
#Hyderabad #GlobalCapabilityCenter #JLLBusinessServices #GCCinIndia #FinancialDistrict #RealEstateConsulting #SharedServices"
JPMorganChase,Mumbai,2025-12-17T08:11:29.711Z,,ollama_qwen,https://www.linkedin.com/posts/gcc-marketwatch_asiaslargestgcc-powai-mumbaigcc-activity-7406969273811845120-cxC9,"US banking giant JPMorganChase is set to become the sole occupier of a 2 million sq. ft GCC in Mumbai’s Powai, designed to accommodate around 30,000 employees and poised to be Asia’s largest GCC by 2029. This massive expansion, coming after nearly 1 million sq. ft of recent space take‑ups across India, underscores JPMorgan’s aggressive GCC-led growth in BFSI tech, operations, and analytics from India’s financial capital.​
#AsiasLargestGCC #Powai #MumbaiGCC #GlobalCapabilityCenter #BFSI #IndiaGCC #FutureOfWork #OfficeExpansion #IndiaInvestments"
Cisco,Mumbai,2025-12-10T06:13:32.009Z,,ollama_qwen,https://www.linkedin.com/posts/gcc-marketwatch_ciscocoe-aimumbai-networkingcoe-activity-7404402872718934016-vJLl,"Cisco launches a cutting-edge AI and Networking Center of Excellence (CoE) in Mumbai, targeting training for 2.7 million Indians to build AI skills and drive digital transformation across the nation. This initiative strengthens India's tech talent pipeline, fostering innovation in AI, cybersecurity, and networking while positioning Mumbai as a key hub for global capability development.
#CiscoCoE #AIMumbai #NetworkingCoE #IndiaAI #DigitalTransformation #TechTraining #SkillIndia #GCCInnovation #CiscoIndia #FutureOfWork"
Brookfield,Mumbai,2025-12-16T08:24:20.458Z,Ankur Gupta,linkedin_metadata,https://www.linkedin.com/posts/gcc-marketwatch_brookfield-mumbaigcc-powai-activity-7406610118693285889-jUJQ,"Brookfield’s mega GCC campus in Powai is set to redefine Mumbai’s role as a global services powerhouse, with a ₹9,000+ crore, 2 million sq. ft, green‑energy‑powered facility built on a six‑acre site for a leading multinational bank under a 20‑year lease. Announced by Maharashtra CM Devendra Fadnavis and Brookfield’s Ankur Gupta, the project is slated to be Asia’s largest GCC, creating 45,000 direct and indirect jobs and further cementing Mumbai’s position as a premier hub for high‑value global capability centers.​
#Brookfield #MumbaiGCC #Powai #AsiasLargestGCC #GlobalCapabilityCentre #Maharashtra #DevendraFadnavis #AnkurGupta #IndiaGCC #RealEstate #Jobs #GreenCampus"
TeamLease Services Limited,,2025-12-04T10:01:40.995Z,Suparna Mitra,linkedin_metadata,https://www.linkedin.com/posts/gcc-marketwatch_leadershiptransition-newceo-staffingindustry-activity-7402285961293758465-AHs_,"Suparna Mitra, former CEO of Titan's Watches & Wearables Division with over 19 years at Titan, HUL, and Arvind, joins TeamLease Services Limited as MD & CEO effective February 2, 2026. This leadership transition sees Ashok Reddy move to Executive Vice-Chairman for seamless handover, while Manish Sabharwal steps back from executive roles but stays on the board—aiming to drive higher margins, faster growth, and digital innovation in India's staffing giant.​
#LeadershipTransition #NewCEO #StaffingIndustry #IndiaWorkforce #CorporateIndia #DigitalTransformation"
Trigent Software - Professional Services,,2025-12-09T07:12:17.940Z,Rohit Gupta; Sriniketh Chakravarthi,ollama_qwen,https://www.linkedin.com/posts/gcc-marketwatch_gccexpansion-indiagcc-flexibleworkspaces-activity-7404055273679601664-xoHS,"Trigent Software - Professional Services partners with WeWork India to turbocharge GCC expansion nationwide, blending enterprise-grade processes and AI-enabled operations with flexible, tech-ready workspaces for rapid setup in prime and emerging locations. This alliance slashes infrastructure delays, enabling GCCs to launch in weeks with scalability and premium environments—transforming them into innovation engines for mid-market firms competing globally.​
#GCCExpansion #IndiaGCC #FlexibleWorkspaces #AIEnabledGCC #GlobalCapabilityCenters #WorkplaceInnovation #EnterpriseGrowth"
"Global edge cloud platform provider Fastly is expanding its presence in India with the launch of a new office in Pune.

Pune, with its strong IT ecosystem and skilled workforce",Pune,2026-05-14T09:11:23.800Z,,ollama_qwen,https://www.linkedin.com/posts/et-gcc_gcc-fastly-gccindia-activity-7460617752622321664-6cjg,"Global edge cloud platform provider Fastly is expanding its presence in India with the launch of a new office in Pune.

Pune, with its strong IT ecosystem and skilled workforce has emerged as a preferred destination for global firms building technology and digital operations hubs.

Read the full story. 👇
https://lnkd.in/gBzj_q4a

#GCC #Fastly #GCCIndia #GCCLeaders #GCCNews #News #GCCTrends #GCCCommunity #ETGCCWorld"
Boston Scientific,Pune,2026-05-13T10:38:49.771Z,,ollama_qwen,https://www.linkedin.com/posts/et-gcc_gcc-globalcapabilitycentres-gccindia-activity-7460277367953944577-JuUL,"Global medical technology company Boston Scientific has expanded its Pune facility, as it continues to double down on its healthcare and technology operations.

The firm has leased nearly 1.3 lakh sq. ft of office space in Pune and is expected to support the company’s long-term growth plans across technology, operations and business support functions.

Read more: https://lnkd.in/gUt9-NWu

#GCC #GlobalCapabilityCentres #GCCIndia #BostonScientific #GCCCommunity #Pune #Maharashtra #GCCNews #GCCTrends #News #ETGCCWorld"
Deepwatch,Bengaluru,2025-12-04T09:50:08.938Z,Rohit Gupta; Sriniketh Chakravarthi; Anand Ramanathan; John DiLullo; Omaira (Mye) B.; Prasad Channabasappa,ollama_qwen,https://www.linkedin.com/posts/gcc-marketwatch_deepwatchgcc-aicybersecurity-bengalurutechhub-activity-7402283058596552705-xHu7,"Deepwatch, a leading US-based cybersecurity firm, has launched its new GCC in Bengaluru to fast-track AI-driven innovations in threat detection, response, and security operations. This expansion taps into India's rich talent pool to deliver cutting-edge managed detection and response (MDR) services, reinforcing Bengaluru's status as a global hub for cybersecurity excellence and digital transformation. The move underscores the surge in GCCs focusing on AI-powered defense against evolving cyber threats.
#DeepWatchGCC #AICybersecurity #BengaluruTechHub #GlobalCapabilityCenters #CybersecurityInnovation #IndiaGCC #MDRServices #DigitalTransformation #ThreatDetection #GCCExpansion"
Urban Vault,Bengaluru,2025-12-08T06:22:32.376Z,Rohit Gupta; Sriniketh Chakravarthi,ollama_qwen,https://www.linkedin.com/posts/gcc-marketwatch_urbanvault-japanesegccs-bengalurugcc-activity-7403680363451064320-VAqd,"Urban Vault, a managed workspace provider, has secured major flex-space deals with three Japanese GCCs—Nachi, Pioneer, and Komatsu—in Bengaluru, highlighting the city's magnetic pull for Japan Inc's global operations amid India's GCC boom. This partnership equips these centers with agile, scalable workspaces optimized for engineering, manufacturing, and tech innovation, fueling cross-border growth and talent synergy. Bengaluru solidifies its status as Japan's preferred India hub for strategic capability centers.
#UrbanVault #JapaneseGCCs #BengaluruGCC #NachiGCC #PioneerGCC #KomatsuGCC #FlexSpace #IndiaJapanBusiness #GCCExpansion #GlobalCapabilityCenters"
"Somewhere inside a hospital, an MRI scanner is trying to buy a doctor a few extra minutes.

A scan that once took close to an hour is now being reduced dramatically through software and AI-led acceleration. A cardiac workflow that earlier demanded more than ten minutes of planning can now be compressed to nearly one. Repetitive measurements that clinicians once performed manually are increasingly being automated quietly in the background.

Much of this work is happening thousands of kilometres away from the hospital floor itself, inside the sprawling campus of Philips Innovation Campus in Bengaluru.

The campus, which began operations in 1996,",Bengaluru,2026-05-13T05:41:35.887Z,Arvind Vaishnav,linkedin_metadata,https://www.linkedin.com/posts/et-gcc_gcc-globalcapabilitycentres-ai-activity-7460202567222898688-maJw,"Somewhere inside a hospital, an MRI scanner is trying to buy a doctor a few extra minutes.

A scan that once took close to an hour is now being reduced dramatically through software and AI-led acceleration. A cardiac workflow that earlier demanded more than ten minutes of planning can now be compressed to nearly one. Repetitive measurements that clinicians once performed manually are increasingly being automated quietly in the background.

Much of this work is happening thousands of kilometres away from the hospital floor itself, inside the sprawling campus of Philips Innovation Campus in Bengaluru.

The campus, which began operations in 1996, has evolved over nearly three decades from an engineering support base into one of Philips’ largest software and AI innovation hubs globally. But describing it simply as a global capability center, or GCC, feels increasingly insufficient.

“We are no longer the GCC,” said Arvind Vaishnav, vice-president and head of Philips Innovation Campus Bengaluru. “We are a complete product delivery and innovation organization.”

Read the full story 👇 
https://lnkd.in/gSqWBC_n

#GCC #GlobalCapabilityCentres #AI #Philips #Healthtech #Consumer #GCCIndia #Bengaluru #Karnataka #GCCTalent #GCCCommunity #GCCTrends #GCCNews #ETGCCWorld"
bp,Pune,2026-05-12T08:34:37.578Z,Rohit Gupta; Sriniketh Chakravarthi; Molyama Kromah; Ramarko Sengupta,ollama_qwen,https://www.linkedin.com/posts/et-gcc_gcc-globalcapabilitycentres-bp-activity-7459883723325485057-nKKy,"Oil and gas major bp has expanded its Pune office footprint with a 10.4 lakh sq ft. lease at Gera Commerzone R2 in Kharadi, making it one of the city’s largest commercial office transactions.

Currently, the facility supports global operations with digital innovation, advanced analytics, and engineering services, employing over 2,000 professionals to drive technical, financial and customer support.

The expansion highlights bp’s long-term commitment to scaling its operations in Pune, which has steadily emerged as a major destination for global capability centres.

Read the full story 👇 
https://lnkd.in/gujr4qay

#GCC #GlobalCapabilityCentres #bp #Pune #Maharashtra #PuneGCC #GCCCommunity #GCCIndia #GCCNews #News #GCCTrends #Trends #ETGCCWorld"
State Street,Pune,2026-05-12T12:03:39.566Z,Abuzar Manager; Amit Talwar; Anjali Singh; Arindam Banerrji; Deepak Malkani; Manish Tambe; Meenakshi Iyer; Pawan Panjwani; Piyush Joshi; Rahul Sinha; Rajat Raheja; Ravichandran Ramanathan; Rishi Dhuper; Sameer Chothani; Sameer Shaikh; Sudish Lambodara Panicker; Saurabh Kumar,linkedin_metadata,https://www.linkedin.com/posts/et-gcc_etgccgrowthsummit-etgccgrowthsummitpune-gcc-activity-7459936328235872256-cEOZ,"The minds building the future enterprise, all in one room.

From engineering-led transformation to AI-native operating models, this lineup of leaders brings together the thinkers and doers shaping the next phase of global capability centers.

Join the conversations that matter at the ETGCCWorld Global Capability Centers Growth Summit 2026, Pune.

Arindam Banerrji | State Street | Sudish Lambodara Panicker | BNY | Sameer Chothani | UBS | Rishi Dhuper | MUFG Pension & Market Services | Rajat Raheja | Amdocs | Meenakshi Iyer | Standard Chartered | Abuzar Manager | SLB | Manish Tambe | Dassault Systèmes | Pawan Panjwani | AllianceBernstein | Anjali Singh | General Mills India | Sameer Shaikh | XPO India | Amit Talwar | AGCO | Rahul Sinha | AXA Global Business Services (AXA GBS) | Deepak Malkani | AkzoNobel | Ravichandran Ramanathan | ArcelorMittal Global Business & Technologies | Piyush Joshi | Brose India

Express interest: https://lnkd.in/d6Sech9T

#ETGCCGrowthSummit #ETGCCGrowthSummitPune #GCC #GlobalCapabilityCentres #GCCLeaders #Leadership #GCCCommunity #GCCNews #GCCTrends #ETGCCWorld"
Fidelity International,,2026-05-14T07:30:49.767Z,Rohit Jetly; Saurabh Kumar,linkedin_metadata,https://www.linkedin.com/posts/et-gcc_madeingcc-gcc-globalcapabilitycentres-activity-7460592444053655552-uzyo,"Most enterprises run on a strange contradiction. 

While the systems powering them evolve constantly, the documentation explaining how they work is almost always outdated.

In large financial organizations, that gap creates real operational risk. A regulatory change, a new product launch or even a small production issue can ripple across dozens of systems, integrations and workflows. Yet, understanding those dependencies often depends on fragmented documentation, or institutional memory sitting inside a handful of employees.

Fidelity International wanted a different approach.

The result is The Brain, an internal AI powered system designed to understand the operational truth of the enterprise directly from live implementation rather than static documentation. Instead of relying on manuals or process notes, the system reads application code, configurations, integrations and dependency graphs to create a continuously updated understanding of how systems actually operate.

“A business analyst can actually chat with the Brain to forward engineer the code for a new requirement or a changing requirement,” says Rohit Jetly.

Read more in our latest Made in GCC story 👇 
https://lnkd.in/gw-SJBA5

#MadeinGCC #GCC #GlobalCapabilityCentres #GCCIndia #GCCCommunity #GCCTrends #GCCNews #Trends #AI #Tech #Finance #ETGCCWorld"
Citrin Cooperman,Hyderabad,2026-05-14T09:04:03.667Z,Vishal Agarwal,linkedin_metadata,https://www.linkedin.com/posts/et-gcc_gcc-citrincooperman-gccindia-activity-7460615906570788864-zNXY,"Financial major Citrin Cooperman has announced the opening of a new office in Hyderabad, to strengthen its global delivery and innovation capabilities. 

“We are seeing India emerge as a critical growth and innovation engine for the firm, supported by strong talent, digital capabilities and a mindset geared towards transformation,” said Vishal Agarwal, executive managing director and head of India offices at Citrin Cooperman India. 

Read the full story. 👇
https://lnkd.in/g5G9bg5W

#GCC #CitrinCooperman #GCCIndia #GCCLeaders #GCCNews #News #GCCTrends #GCCCommunity #ETGCCWorld"
ICE Mortgage Technology,Pune,2026-02-20T05:37:40.791Z,,ollama_qwen,https://www.linkedin.com/posts/gcc-marketwatch_globalcapabilitycentre-indiaofficemarket-activity-7430485776179699712-kNvu,"US financial services and technology firm Intercontinental Exchange’s subsidiary, ICE Mortgage Technology India, has signed a long-term lease for nearly 193,000 sq ft of premium office space across nine floors in Pune’s Magarpatta Cybercity to establish a GCC focused on product engineering and tech operations. The deal, anchored by a multi-year rental commitment and structured escalations, reflects continued confidence in India’s GCC-driven office market and Pune’s emergence as a key destination for large-format corporate hubs, supported by deep talent pools and competitive operating costs.
 #GlobalCapabilityCentre #IndiaOfficeMarket #PuneRealEstate #GCCExpansion #TechHubs #IntercontinentalExchange"
"From operational oversight to enterprise impact, GCC leadership",,2026-01-06T05:47:13.990Z,Aneelkumar(Aneel) Savalagi; Arindam Sen; Lalit Ahuja; Lalit Kumar; Mohua Sengupta; Pari Natarajan; Pradeep Menon; Prashanti Bodugum; Prashobh Chandralayam; Raju Chiluvuri; Satya Prakash Ranjan; Sunil Gopinath; Venkat Shastry,linkedin_metadata,https://www.linkedin.com/posts/gcc-marketwatch_from-operational-oversight-to-enterprise-activity-7414180726398607360-ZvBp,"From operational oversight to enterprise impact, GCC leadership is evolving fast. 

This shift is already underway.

Pradeep Menon Prashanti Bodugum Satya Prakash Ranjan Mohua Sengupta Sunil Gopinath Prashobh Chandralayam Aneelkumar(Aneel) Savalagi Lalit Kumar Raju Chiluvuri

Lalit Ahuja Arindam Sen Pari Natarajan Venkat Shastry"
Publicis Sapient,,2026-04-22T06:51:14.162Z,Monish Singhal; Mukul Sharma,linkedin_metadata,https://www.linkedin.com/posts/et-gcc_etgccgrowthsummit-etgccgrowthsummithyd-gcc-activity-7452609947000958976-XJy7,"What if your enterprise could model disruption before it happens?
 
Monish Singhal, Managing Partner, Retail & Consumer Products - India Markets -Publicis Sapient, brings the focus to “what-if” analysis as the next frontier for AI. While machine learning has already addressed core challenges like inventory management and stock optimization, the real shift lies in simulating uncertainty and acting ahead of it.
 
In a world shaped by rapidly changing market conditions and evolving business environments, static forecasting models fall short. The opportunity lies in enhancing demand forecasting with dynamic signals such as social trends and real-time market changes, enabling enterprises to test scenarios before they unfold.
 
He highlights that GCCs, traditionally built for cost efficiency, now have a broader mandate to move beyond optimization and unlock new revenue streams and customer experiences. This requires not just accessing data, but curating it for enterprise context and individual decision-making.
 
A clear shift from efficiency-led models to intelligence-led growth.
 
#ETGCCGrowthSummit #ETGCCGrowthSummitHYD #GCC #GlobalCapabilityCentres #GCCLeaders #Leadership #GCCCommunity #GCCNews #GCCTrends #ETGCCWorld"
KPMG India,,2026-04-23T11:58:43.423Z,Sankara Subramanian; Shalini Pillay; Chakravarthy Aravapalli; Nanda K Lakkaraju; Rachit Chhokera; Geetanjali Khatri (GK); Rohit Kaila; Sushant Rabra; Dr. Sumit Mitra; Vaishnavi Kudige,linkedin_metadata,https://www.linkedin.com/posts/et-gcc_gcc-globalcapabilitycentres-gccindia-activity-7453049716675653632-8JXD,"Several global capability centre (GCC) leaders are assessing a key question: if artificial intelligence (AI) can handle a significant share of current operations within three years, what higher-value mandate should their teams focus on?

In this piece, Shalini Pillay and Sankara Subramanian of KPMG India describe the ‘redefined GCC’, which is defined not by headcount but by the value each person creates.

Based on their work across industries, a 20,000-member centre could deliver its current scope with 13,000–15,000 employees over three years, and 7,000–9,000 over a ten-year horizon, depending on industry and function.

Read more below. 👇 
https://lnkd.in/ejyBFNAX

#GCC #GlobalCapabilityCentres #GCCIndia #GCCLeaders #KPMG #GCCCommunity #GCCNews #GCCTrends #ETGCCWorld"
Amdocs,,2026-04-24T15:38:55.730Z,Rajat Raheja; Saurabh Kumar,linkedin_metadata,https://www.linkedin.com/posts/et-gcc_gcc-globalcapabilitycentres-gccindia-activity-7453467520973340672-wb09,"“Aspiration without passion becomes hollow ambition.”

A lot of GCC conversations today focus on scale and talent but execution still breaks down when values don’t translate into outcomes.

In this episode of ET GCC Unplugged, Rajat Raheja, Division President, Amdocs India & Global Operations, talks about what it takes to lead high-impact global capability centres.

In conversation with Saurabh Kumar.

Full episode out now 👇 
https://lnkd.in/g7MhDyJ6

#GCC #GlobalCapabilityCentres #GCCIndia #GCCCommunity #GCCTrends #GCCNews #GCCLeaders #Leadership #GCCUnplugged #Podcast #News #Trends #ETGCCWorld"
The Standard India,,2026-04-20T09:54:54.862Z,Mohua Sengupta; Sagar Porayil Vadakkinakathu,linkedin_metadata,https://www.linkedin.com/posts/et-gcc_gcc-globalcapabilitycentres-gccindia-activity-7451931395435970560-yqZQ,"“Insurance as an industry was known as slow paced when it came to digitalization. That has changed completely.”

AI is now taking over core insurance workflows, making them faster and less people-dependent.

But as Mohua Sengupta of The Standard India puts it, in an industry built on trust and human moments, efficiency alone isn’t enough. The real shift is in building AI with the right guardrails and empathy baked into the experience.

In conversation with Sagar Porayil Vadakkinakathu, CTO at Mindsprint.

New episode of GCC Giants out now 👇 
https://lnkd.in/gUbKPCX2

#GCC #GlobalCapabilityCentres #GCCIndia #GCCLeaders #GCCIndia #GCCGiants #GCCCommunity #GCCNews #GCCTrends #News #Trends #ETGCCWorld"
Citi,,2026-04-17T13:38:03.089Z,Ganesh Baliga; Saurabh Kumar,linkedin_metadata,https://www.linkedin.com/posts/et-gcc_gcc-globalcapabilitycentres-gccindia-activity-7450900386133073920-M7G9,"“If it’s not global, it’s not a capability.”

Serving users across India, Japan, Europe and beyond means building for vastly different behaviours, expectations and levels of tech literacy.

In this episode of GCC Unplugged, Ganesh Baliga from Citi breaks down what it really takes to build for the world from India.

In conversation with Saurabh Kumar.

Full episode out now 👇 
https://lnkd.in/gPDajAz7

#GCC #GlobalCapabilityCentres #GCCIndia #GCCLeaders #GCCLeaders #GCCNews #GCCTrends #IndustryTrends #Trends #News #Podcast #GCCCommunity #GCCPodcast #GCCUnplugged #ETGCCWorld"
Standard Chartered India,Bengaluru,2026-05-08T08:33:26.492Z,Meenakshi Iyer,linkedin_metadata,https://www.linkedin.com/posts/et-gcc_etgccgrowthsummit-etgccgrowthsummitpune-gcc-activity-7458433873706659840-Jy9j,"Meenakshi Iyer, Global Head, Platforms, Wealth & Retail Banking Technology and Interim Head – GBS Bengaluru, Standard Chartered India  highlights a defining shift as GCCs evolve into enterprise builders, where leadership must balance accountability, risk, and intent while using AI to amplify human judgment.

Join Iyer and other top leaders driving this transformation at the ETGCCWorld Global Capability Centers Growth Summit 2026, Pune.

Express interest: https://lnkd.in/d6Sech9T

#ETGCCGrowthSummit #ETGCCGrowthSummitPune #GCC #GlobalCapabilityCentres #GCCLeaders #Leadership #GCCCommunity #GCCNews #GCCTrends #ETGCCWorld"
"US multinational American Express's Gurugram campus, the largest the company",Bengaluru,2026-04-25T12:04:21.487Z,Gurugram; Bengaluru,ollama_qwen,https://www.linkedin.com/posts/et-gcc_gcc-globalcapabilitycentres-gccindia-activity-7453775910350139392-sbSp,"US multinational American Express's Gurugram campus, the largest the company has built anywhere, currently drives key business functions including data analytics, software development, product management and financial services.

In payments, Visa’s Bengaluru GCC has played a key role in developing mVisa, a QR-based mobile payment service. The company is now experimenting with agentic AI to reshape both commerce and internal operations.

And they are not alone. Payments-focused GCCs are scaling faster, growing 1.3 times quicker than overall GCC setups while adding up to 60 per cent more talent.

Read more in this week's newsletter and subscribe 👇 
https://lnkd.in/gzYFN7_f

#GCC #GlobalCapabilityCentres #GCCIndia #GCCLeaders #Payments #Fintech #Newsletter #GCCWeekly #GCCNews #GCCTrends #News #Trends #GCCCommunity #ETGCCWorld"
Genpact,,2026-05-08T06:07:46.245Z,Prithwijit Chaki; Dinesh Jain; Shubhro Pal; Harpreet Duggal; Ajay Bhushan Pandey; Manish Singhal; Pankaj J.; Pramod Bhasin,linkedin_metadata,https://www.linkedin.com/posts/et-gcc_etgccgrowthsummit-etgccgrowthsummithyd-gcc-activity-7458397214453809152-0mSp,"From POCs to real enterprise impact.

Prithwijit Chaki, Senior Vice President, Genpact, breaks down how the enterprise backbone is shifting toward AI-led, autonomous operations with humans in the loop. The real challenge today isn’t experimentation, it’s scaling value through orchestration of agents, strong data foundations, and deep domain context.

As organizations move away from traditional FTE-driven models, success will depend on how well they manage hybrid human-AI systems and turn intelligence into measurable outcomes.

Know more: https://lnkd.in/gUa95iQx

#ETGCCGrowthSummit #ETGCCGrowthSummitHYD #GCC #GlobalCapabilityCentres #GCCLeaders #Leadership #GCCCommunity #GCCNews #GCCTrends #ETGCCWorld"
Pitney Bowes,,2026-05-09T08:37:21.927Z,Renu Shekhawat,ollama_qwen,https://www.linkedin.com/posts/et-gcc_gcc-globalcapabilitycentres-gccindia-activity-7458797249058455552-TkAx,"The older norm was global strategy flows outward from headquarters, and India executes. That tradition is now taking a U-turn, as multinationals across fintech, healthcare and enterprise software are doubling down on India as their decision-making engines.

Industry insiders describe this as a ‘reverse control tower’ shift, where authority, at least in certain critical functions, is beginning to invert.

However, it’s important to note that decision-making is not moving to India wholesale. It is migrating function by function, most visibly in engineering architecture, API governance, AI platform design and elements of compliance. These are areas where homegrown teams have built the deepest capability density over time.

“The shift towards a distributed ‘reverse control tower’ model is closely linked to how we have built our teams and culture over time. We focused on prioritising mindset, adaptability, and a strong sense of ownership across all levels. This has enabled us to make decisions, challenge ideas, and go beyond defined roles,” said Renu Shekhawat, Director-APAC, Pitney Bowes.

Read more and subscribe to our newsletter 👇 
https://lnkd.in/gzYFN7_f

#GCC #GlobalCapabilityCentres #GCCIndia #GCCLeaders #GCCCommunity #GCCNews #GCCTrends #Leadership #Trends #News #Newsletter #GCCWeekly #GCCNewsletter #AI #ETGCCWorld"
mindZvue,Pune,2026-04-30T07:29:57.307Z,Vinay Chaturvedi,linkedin_metadata,https://www.linkedin.com/posts/et-gcc_gcc-mindzvue-gccindia-activity-7455518793902108672-GDT_,"mindZvue has inaugurated a new office in Pune to expand its global delivery capacity.

""This is an important milestone in strengthening our hybrid global delivery model. With the enhanced Pune office, along with our centers in Nagpur and Indore, we are building a scalable, high-performance delivery engine to support our global customers,” said Vinay Chaturvedi, CEO at mindZvue. 

Read the full story. 👇
https://lnkd.in/gRM6GkgX

#GCC #MindZvue #GCCIndia #GCCLeaders #GCCNews #News #GCCTrends #GCCCommunity #ETGCCWorld"
Crisil Integral IQ,,2026-04-27T07:41:33.034Z,Dipesh Doshi,linkedin_metadata,https://www.linkedin.com/posts/et-gcc_gcc-crisil-gccindia-activity-7454434548395794432-Ewse,"Industry veteran Dipesh Doshi has been appointed head of global capability center (GCC) at Crisil Integral IQ, part of S&P Global. 

Doshi has experience across risk, finance, and advisory, and has previously worked at PwC, Protiviti and Deloitte. His expertise will support the New York-based multinational firm’s effort in building and scaling capabilities for global financial institutions.

Read the full story. 👇 
https://lnkd.in/g78sTYKC

#GCC #CRISIL #GCCIndia #GCCLeaders #GCCNews #News #GCCTrends #GCCCommunity #ETGCCWorld"
HEINEKEN,Hyderabad,2026-04-29T12:39:21.281Z,Ákos Magyari,linkedin_metadata,https://www.linkedin.com/posts/et-gcc_gcc-heinkeinindia-gccindia-activity-7455234268986757120-VKLF,"HEINEKEN has announced the launch of its first Asia-Pacific business services hub in Hyderabad, as it doubles down on the region to build globally integrated operations.

“EverGreen 2030 is reshaping HEINEKEN into a more connected, resilient and future-ready organisation. The launch of HBS India is a landmark step in strengthening our global capability network and deepening our footprint in one of our most strategically important markets,” said Ákos Magyari, senior director, HEINEKEN Business Services (HBS) India.

Read the full story. 👇
https://lnkd.in/gFqzq9MD

#GCC #HEINKEINIndia #GCCIndia #GCCLeaders #GCCNews #News #GCCTrends #GCCCommunity #ETGCCWorld"
Ford Business Solutions - India,,2026-05-08T10:30:12.775Z,Gangapriya Chakraverti; Saurabh Kumar,linkedin_metadata,https://www.linkedin.com/posts/et-gcc_gcc-globalcapabilitycentres-gccindia-activity-7458463260187594752-UWdx,"“We do a lot of things. But we are not able to put it in the context of business.”

One of the sharpest observations from our latest GCC Unplugged episode with Ford Business Solutions - India’s Gangapriya Chakraverti.

As GCCs evolve beyond delivery and cost arbitrage, the next challenge is clear: Can they tell stronger business stories around the value they create?

In conversation with Saurabh Kumar.

Full episode out now 👇 
https://lnkd.in/giuGqjTB

#GCC #GlobalCapabilityCentres #GCCIndia #GCCLeaders #GCCUnplugged #GCCPodcast #GCCCommunity #GCCNews #GCCTrends #Leadership #News #Trends #ETGCCWorld"
Axiado Corporation,Bengaluru,2026-04-30T08:00:58.405Z,Ujwala Reddy,linkedin_metadata,https://www.linkedin.com/posts/et-gcc_gcc-axiado-gccindia-activity-7455526599912763392-poq7,"Axiado Corporation has established its global capability center (GCC) in Bengaluru, marking its formal entry into India.

""Bengaluru offers the right combination of ecosystem maturity and deep technical talent to support our next phase of growth. The Bengaluru GCC will serve as an extension of our global operations, enabling disciplined execution at scale and the development of capabilities aligned with our long-term product roadmap,” said Ujwala Reddy, managing director (India site lead), Axiado. 

Read the full story. 👇
https://lnkd.in/gtchJ_AM

#GCC #Axiado #GCCIndia #GCCLeaders #GCCNews #News #GCCTrends #GCCCommunity #ETGCCWorld"
Illumia India,Chennai,2026-04-29T06:17:36.309Z,Srinivasgopal Raman,ollama_qwen,https://www.linkedin.com/posts/et-gcc_gcc-illumiaindia-gccindia-activity-7455138198571102208-LbUz,"Healthtech firm Illumia has expanded its India presence with the opening of a new office at the International Tech Park Chennai, marking a fresh investment in its operations in Chennai.

“Chennai has long been home to some of India's strongest technical talent, and our team here is focused on building the capabilities that will power Illumia's next chapter,” said Srinivasgopal Raman, general manager, Illumia India. 

Read the full story. 👇
https://lnkd.in/gHKygzQj

#GCC #IllumiaIndia #GCCIndia #GCCLeaders #GCCNews #News #GCCTrends #GCCCommunity #ETGCCWorld"
BASF,Hyderabad,2026-05-05T11:10:50.500Z,Tobias Dratt,linkedin_metadata,https://www.linkedin.com/posts/et-gcc_gcc-basf-gccindia-activity-7457386321150619648-w47s,"Global chemicals major BASF will establish a global service hub and a global digital hub in Hyderabad, with operations set to begin in the second quarter of 2026. 

The new facilities will support the German-based company’s global operations across finance, human resources, supply chain, regulatory services and in-house consulting. 

“With the opening of our global service hub in Hyderabad, we are creating a strong foundation for the future of global business services. Hyderabad offers the right ecosystem and talent base to support scalable, high-quality services for BASF’s businesses worldwide,” said Tobias Dratt, president of global business services at BASF.

BASF is  a 160-year-old global enterprise with operations across 200-plus countries and 234 factories worldwide.

Read the full story 👇 
https://lnkd.in/gvkY-gx9

#GCC #BASF #GCCIndia #GCCLeaders #GCCNews #News #Trends #Leadership #GCCHyderabad #Hyderabad #Telangana #GCCCommunity #ETGCCWorld"
"When Visa talks about its global payments infrastructure, Bengaluru",Bengaluru,2026-05-06T09:28:56.245Z,Vikram Kolar,linkedin_metadata,https://www.linkedin.com/posts/et-gcc_gcc-globalcapabilitycentres-visa-activity-7457723063971782657-Kah4,"When Visa talks about its global payments infrastructure, Bengaluru is increasingly at the center of that conversation.

“Visa’s India GCC in Bengaluru strengthens the company’s global network resilience by engineering and operating mission-critical platforms through the development of highly horizontally scalable services,” said Vikram Kolar.

Today, the center owns end-to-end responsibility across critical product lines, spanning real-time payments and fraud intelligence, all while helping build Visa’s AI-first payments stack.

Read more about its India strategy 👇
https://lnkd.in/gGJah5eH

#GCC #GlobalCapabilityCentres #Visa #GCCCommunity #GCCNews #GCCTrends #IndustryTrends #News #ETGCCWorld"
Veradigm®,Pune,2026-04-28T16:17:23.009Z,Divesh Singla,linkedin_metadata,https://www.linkedin.com/posts/et-gcc_gcc-veradigm-gccindia-activity-7454926749865484288-_s5Q,"Health-tech major Veradigm® has expanded its Pune operations by doubling office capacity and has appointed Divesh Singla as Managing Director, India Operations, as it sharpens focus on scaling its global delivery footprint.

“India is a strategic growth market, and this expansion reflects the organization’s conviction in what our team here can achieve. My focus will be on scaling our talent, strengthening our technology capabilities, and making Pune a place where the best people in this industry want to build their careers,” said Singla. 

Read the full story. 👇
https://lnkd.in/g2_b7MF9

#GCC #Veradigm #GCCIndia #GCCLeaders #GCCNews #News #GCCTrends #GCCCommunity #ETGCCWorld"
NatWest Group,Delhi,2026-04-27T09:03:12.067Z,Scott Marcar; Ruchika Panesar; Saurabh Kumar,linkedin_metadata,https://www.linkedin.com/posts/et-gcc_gcc-natwestgroup-gccindia-activity-7454455096429522946-bpK8,"The joint effort will primarily focus on translating academic research into business applications, enabling both NatWest employees and students to contribute to solutions that address customer needs.

“To meet customers’ changing needs, we need to keep investing in people, skills and new ideas. Working with leading universities like IIT-Delhi helps us to shape the next generation of technology talent and the direction of innovation,” said Scott Marcar, chief information officer, NatWest Group. 

Read the full story below. 👇 
https://lnkd.in/e8Q5EYEN

#GCC #NatwestGroup #GCCIndia #IITDelhi #GCCNews #News #GCCTrends #GCCCommunity #ETGCCWorld"
AllianceBernstein,Pune,2026-05-07T10:58:44.977Z,Pawan Panjwani,linkedin_metadata,https://www.linkedin.com/posts/et-gcc_etgccgrowthsummit-etgccgrowthsummitpune-gcc-activity-7458108053817622528-STSO,"Pawan Panjwani, Chief Executive Officer, AllianceBernstein India, brings the focus back to what truly drives AI-led transformation. 

As GCCs evolve into enterprise builders, the real shift is organizational, aligning leadership, strategy, and execution to engineer the future enterprise.

Join Panjwani and several other leaders shaping AI-native, engineering-led GCCs at the ETGCCWorld Global Capability Centers Growth Summit 2026, Pune.

Express interest: https://lnkd.in/d6Sech9T

#ETGCCGrowthSummit #ETGCCGrowthSummitPune #GCC #GlobalCapabilityCentres #GCCLeaders #Leadership #GCCCommunity #GCCNews #GCCTrends #ETGCCWorld"
"Rather than operating as a distributed delivery centre, Vanguard",Hyderabad,2026-04-16T08:01:37.551Z,Nitin Tandon,linkedin_metadata,https://www.linkedin.com/posts/et-gcc_gcc-globalcapabilitycentres-vanguard-activity-7450453333984854017-qA7-,"Rather than operating as a distributed delivery centre, Vanguard is building full-stack product teams out of Hyderabad. These teams are expected to bring together engineering, product, design and security capabilities in one place, spanning areas such as cloud, data, AI and cybersecurity.

“I want full product teams based out of here,” said Nitin Tandon.

As the centre matures, these teams are expected to move beyond execution into ownership. That includes everything from product development to client research and portfolio shaping.

Vanguard, with over $12.5 trillion in assets globally, is one of the world's largest asset managers.

Read more about its India strategy 👇 
https://lnkd.in/gj2pWqSx

#GCC #GlobalCapabilityCentres #Vanguard #GCCCommunity #Hyderabad #HyderabadGCC #GCCNews #GCCTrends #IndustryTrends #Trends #News #ETGCCWorld"
The global capability centre sector in India,,2026-05-07T07:27:16.730Z,,ollama_qwen,https://www.linkedin.com/posts/et-gcc_gcc-globalcapabilitycentres-gccindia-activity-7458054835452432384-EDq1,"The global capability centre sector in India is set to cross the $100-billion mark much earlier than expected, all thanks to the boom in new centre setups and AI-led expansion mandates by global firms. 

This development comes years ahead of earlier industry projections that estimated that the GCC market in India would touch $100 billion by 2030, with multinational corporations doubling down on their India operations.

A report noted that the number of GCCs in India has grown 32 per cent since FY21, with nearly 506 Forbes Global 2000 companies now operating centres in the country.

Nearly half of all GCCs established since FY21 were built with AI as a core focus from inception.

Read the full story 👇 
https://lnkd.in/gAynFD36

#GCC #GlobalCapabilityCentres #GCCIndia #GCCCommunity #GCCNews #News #Trends #GCCLeaders #GCCTrends #AI #ETGCCWorld"
Mindsprint,,2026-05-06T06:06:42.625Z,Mohua Sengupta; Sagar Porayil Vadakkinakathu; Bindu Sunil; Rohit Gupta; Sriniketh Chakravarthi,linkedin_metadata,https://www.linkedin.com/posts/et-gcc_gcc-globalcapabilitycentres-gccindia-activity-7457672171880894465-YUhl,"“Technology is visible, but behind every transformation are mindset, leadership and culture.”

AI may be accelerating enterprise change, but the real value of transformation comes from how fast teams can learn, adapt and experiment.

As Sagar Porayil Vadakkinakathu, CTO at Mindsprint, puts it, continuous learning is no longer enough. In a world where what was built six months ago may already need a refresh, the speed of learning is what sets organisations apart.

The real shift lies in creating a culture where teams feel safe to experiment, refine and scale solutions into enterprise-grade impact.

In conversation with Mohua Sengupta of The Standard India.

New episode of GCC Giants out now 👇
https://lnkd.in/gUbKPCX2

#GCC #GlobalCapabilityCentres #GCCIndia #GCCLeaders #GCCGiants #GCCCommunity #GCCNews #GCCTrends #TechnologyLeadership #DigitalTransformation #AI #EnterpriseTech #ETGCCWorld"
"Big ideas. Real impact. One powerful stage.

The ETGCCWorld Global Capability Centers Growth Summit 2026, Pune brings together leaders, conversations, and capabilities shaping the future of engineering-led enterprises. From AI-native platforms to digital trust and Industry 4.0, this",Pune,2026-05-06T09:59:40.310Z,,ollama_qwen,https://www.linkedin.com/posts/et-gcc_etgccgrowthsummit-activity-7457730798541234177-HQ-j,"Big ideas. Real impact. One powerful stage.

The ETGCCWorld Global Capability Centers Growth Summit 2026, Pune brings together leaders, conversations, and capabilities shaping the future of engineering-led enterprises. From AI-native platforms to digital trust and Industry 4.0, this is where GCCs redefine global impact.

18th June 2026 | Conrad, Pune

Express interest: https://lnkd.in/gR7zM8uc

#ETGCCGrowthSummit #ETGCCGrowthSummitPune #GCC #GlobalCapabilityCentres #GCCLeaders #Leadership #GCCCommunity #GCCNews #GCCTrends #ETGCCWorld"
Arnifi,Bengaluru,2025-11-28T05:41:19.101Z,Manu Midha; Shashi Kumar; Tulika Saxena,linkedin_metadata,https://www.linkedin.com/posts/gcc-marketwatch_bengaluru-indiaexpansion-globalbusiness-activity-7400046111127756801-dEaX,"Dubai-based Arnifi has expanded its India footprint with a new Bengaluru office, signalling a strong bet on helping Indian startups, SMEs, and corporates scale into global markets. The AI-driven entity setup and management platform plans to hire over 100 people and invest in technology and talent capabilities, building on its track record of supporting 500+ companies to establish businesses overseas and boost foreign exchange inflows into India.
#Bengaluru #IndiaExpansion #GlobalBusiness #EntitySetup #Compliance #StartupEcosystem #IndiaUAE #DigitalTransformation #BusinessGrowth 

Manu Midha Shashi Kumar Tulika Saxena"
DAMAC Group,Pune,2025-12-01T10:41:38.276Z,Rohit Gupta; Sriniketh Chakravarthi,ollama_qwen,https://www.linkedin.com/posts/gcc-marketwatch_damac-gcc-noida-activity-7401208852622413824-SBvc,"UAE-based DAMAC Group has launched DAMAC Shared Services India, establishing a new Global Capability Center (GCC) in Noida with a team of over 250 professionals. DAMAC plans to open a second GCC in Pune by 2026, adding 100 more jobs and strengthening its global operations across finance, tech, sales, and HR. The announcement showcases India's talent ecosystem and technological readiness as a strategic asset for multinational growth, cross-regional collaboration, and digital transformation.
#DAMAC #GCC #Noida #Pune #IndiaExpansion #GlobalCapabilityCenter #DigitalTransformation #UAEIndia #TechTalent #BusinessGrowth #SharedServices #GlobalOperations"
"Mattel, Inc.",Hyderabad,2025-11-24T04:53:59.465Z,,ollama_qwen,https://www.linkedin.com/posts/gcc-marketwatch_hyderabad-globalcapabilitycenters-gcc-activity-7398584649368735744-mx1k,"Hyderabad is fast emerging as a preferred destination for global enterprise innovation, with Mattel, Inc. opening its new GCC and L'Oréaléal announcing one of its largest tech capability hubs in the city. These moves underscore Hyderabad’s growth as a strategic anchor for Fortune 500 companies, supporting global technology, analytics, AI, supply chain, and digital transformation mandates. For both Mattel and L’Oréal, their new centers will tap local talent to accelerate business operations, data, and research—reinforcing India’s position as a leading global hub for scale and innovation.
#Hyderabad #GlobalCapabilityCenters #GCC #TechInnovation #Fortune500 #DigitalTransformation #IndiaBusiness #EnterpriseGrowth #AI ​"
Sonoco,Hyderabad,2025-11-19T10:55:25.022Z,Arvind Chittora,ollama_qwen,https://www.linkedin.com/posts/gcc-marketwatch_gcc-globalcapabilitycenter-hyderabad-activity-7396863665859182592--luv,"U.S. packaging leader Sonoco has opened its new GCC in Hyderabad, marking a major digital and innovation milestone for the company in India. The Sonoco Performance Hub will drive technology-led transformation, focusing on automation and advanced analytics to strengthen global operations. The company plans to hire up to 300 tech and finance professionals within 12-18 months, deepening its commitment to local talent and establishing a Finance Centre of Excellence as part of its long-term growth strategy.
#GCC #GlobalCapabilityCenter #Hyderabad #PackagingInnovation #DigitalTransformation #FinanceCentre #TechTalent ​"
Sonatype,Hyderabad,2025-11-11T07:09:34.560Z,Bhagwat Swaroop,ollama_qwen,https://www.linkedin.com/posts/gcc-marketwatch_sonatype-hyderabad-gcc-activity-7393907728177344512-2Szg,"Sonatype, a US-based leader in enterprise software and cybersecurity, has opened its largest innovation hub outside the US with a new Global Capability Centre in Hyderabad. The centre will drive advancements in AI and open-source security, reinforcing Hyderabad’s stature as a global powerhouse for tech and innovation. The team is set to rapidly scale, strengthening India’s position in transformative digital services.
#Sonatype #Hyderabad #GCC #Cybersecurity #AI #OpenSource #DigitalInnovation #TechTalent #GlobalExpansion #EnterpriseSoftware​"
Microchip Technology Inc.,Bengaluru,2025-11-11T07:19:12.687Z,Srikanth Settikere; Steve Sanghi,linkedin_metadata,https://www.linkedin.com/posts/gcc-marketwatch_microchiptechnology-bengaluru-indiatech-activity-7393910153017831424-oZBn,"Microchip Technology Inc. Technology has expanded its India footprint with a state-of-the-art 1.72 lakh sq ft office facility in Bengaluru’s Whitefield tech hub. This new strategic centre will accommodate future growth, foster cross-functional collaboration, and strengthen Microchip’s R&D capabilities for global semiconductor innovation. The investment highlights Bengaluru’s rising significance as a destination for advanced technology and talent.
#MicrochipTechnology #Bengaluru #IndiaTech #Semiconductors #Innovation #R&D #TechHub #OfficeExpansion #Whitefield #Growth

Srikanth Settikere Steve Sanghi"
Hexaware Technologies,,2025-11-18T12:39:14.329Z,Aditya (adi) Jayaraman,linkedin_metadata,https://www.linkedin.com/posts/gcc-marketwatch_hexaware-leadership-gcc-activity-7396527405600845824-AZLr,"Hexaware Technologies has appointed Aditya (adi) Jayaraman as Country Head – India, bringing over 25 years of expertise in cloud, AI/ML, consulting, and global tech leadership. Aditya, who previously led AWS’s Hi-Tech vertical for North America, will drive Hexaware’s GCC and digital growth strategy under the GCC 2.0 framework. His arrival reinforces the company’s commitment to enabling India’s GCC ecosystem and accelerating enterprise digital transformation as the sector continues to scale at record pace.
#Hexaware #Leadership #GCC #DigitalTransformation #AI #Cloud #TechLeadership #India #EnterpriseGrowth #AdityaJayaraman #CXOMoves #Innovation #FutureOfWork"
Costco Wholesale,Hyderabad,2025-10-03T14:05:21.507Z,Rajeev Mall,linkedin_metadata,https://www.linkedin.com/posts/gcc-marketwatch_costco-leadership-gcc-activity-7379879236498698242-yzTP,"Rajeev Mall has joined Costco Wholesale's India GCC as CEO, marking a significant leadership addition at a pivotal moment for the company’s global growth and digital transformation journey. His expertise will play a key role in scaling Costco’s operations and innovation initiatives as it expands its global capability hub footprint.
#Costco #Leadership #GCC #Hyderabad #RetailInnovation #DigitalTransformation #NewBeginnings"
The Economic Times,,2025-09-30T05:06:04.085Z,"Amita Goyal; Beena Parmar; Dr. Sumit Mitra; Dr. Tathagat Varma; Hari Vasudev; Vikram Ahuja; Kapil Joshi; Annapurna Roy; Mrinal Duggal; Rajesh Mani; Rituparna Mandal; Rohan Lobo; Faizan Haidar; Nand Gopal Gupta ""Nandi""; Smitha Hemmigae; Hitesh Achra; Nandini Bhatnagar",linkedin_metadata,https://www.linkedin.com/posts/gcc-marketwatch_gcc-leadership-india-activity-7378656356037365760-0omn,"India’s GCCs are now recognized as global leadership pipelines, with executives rapidly rising from India-based capability centers to C-suite roles worldwide. Once focused on back-office tasks, these centers have become frontline hubs for innovation, product management, and R&D—fueling both export growth and global leadership succession for the world’s top enterprises. Today, GCC talent is being groomed for high-impact roles, reflecting India’s transformation from order-taker to strategic partner in global business.
#GCC #Leadership #India #Innovation #CXO #Talent #GlobalBusiness #FutureOfWork #Transformation

Dr. Sumit Mitra Dr. Tathagat Varma  Hari Vasudev Amita Goyal Vikram Ahuja Beena Parmar The Economic Times"
Marriott Tech Accelerator,Hyderabad,2025-11-03T07:20:02.343Z,Lalit Ahuja; Naveen Manga; Shameel Sharma; Sridhar Babu Duddilla,linkedin_metadata,https://www.linkedin.com/posts/gcc-marketwatch_marriotttechaccelerator-innovation-hospitalitytech-activity-7391011258365415424-pNrD,"Marriott International has launched the Marriott Tech Accelerator in Hyderabad, its first-ever GCC. This state-of-the-art facility will drive AI-led innovation, build scalable digital platforms, and enhance cybersecurity and enterprise systems across Marriott’s global operations spanning 141 countries. The center reflects Marriott’s long-term commitment to technology innovation, leveraging Hyderabad’s exceptional talent pool and infrastructure to deliver next-gen solutions and elevate guest experiences worldwide.
#MarriottTechAccelerator #Innovation #HospitalityTech #Hyderabad #GlobalCapabilityCenters #DigitalTransformation #IndiaTech #FutureOfWork​

ANSR Naveen Manga Shameel Sharma Sridhar Babu Duddilla Lalit Ahuja"
The Free Press Journal,Mumbai,2025-10-06T06:57:49.373Z,Lalit Ahuja; Vikram Ahuja,linkedin_metadata,https://www.linkedin.com/posts/gcc-marketwatch_navimumbai-gcccity-innovation-activity-7380858807247134720-hRJX,"Navi Mumbai is set to become India’s first GCC City after a landmark MoU signing between the Maharashtra government and ANSR. This visionary partnership will see ANSR conceptualize, design, and invest in building a global destination for innovation and enterprise, attracting large-scale investments and transforming the region into a premier hub for advanced capability centers.

#NaviMumbai #GCCCity #Innovation #Maharashtra #GlobalCapabilityCentres #FutureOfWork #EconomicGrowth #TechHub #InvestInIndia

The Free Press Journal ANSR Lalit Ahuja Vikram Ahuja"
Orbia,Pune,2025-11-06T09:11:04.032Z,Andrea Bergamini; Karthik Padmanabhan; Rajya Lakshmi Tokachichu,linkedin_metadata,https://www.linkedin.com/posts/gcc-marketwatch_orbia-digitaltransformation-pune-activity-7392126363111030784-P6ET,"Orbia has launched its new IT hub in Pune to accelerate global digital transformation, driving innovation in data, analytics, cloud, cybersecurity, and automation across its sustainable solutions portfolio. The Pune hub leverages India’s strong technology talent and ecosystem to scale digital capabilities for enhanced operational efficiency and customer experience worldwide.
#Orbia #DigitalTransformation #Pune #TechHub #Innovation #Cloud #DataAnalytics #Cybersecurity #Automation #SustainableSolutions​

Andrea Bergamini Rajya Lakshmi Tokachichu Karthik Padmanabhan Zinnov"
HCA Healthcare,Hyderabad,2025-09-25T05:59:32.995Z,Atul Kapoor; Emily Duncan; Sridhar Babu Duddilla,linkedin_metadata,https://www.linkedin.com/posts/gcc-marketwatch_gcc-hyderabad-innovation-activity-7376857875853369345-WxpY,"US-based HCA Healthcare has launched its first GCC in Hyderabad, investing $75 million to drive digital innovation and operational excellence. The new center will create 3,000 jobs by 2026 and power the company’s healthcare services across the US and UK, strengthening Hyderabad’s position as a global healthcare and tech hub.
#GCC #Hyderabad #Innovation #HealthcareTech #DigitalTransformation #GlobalCapabilityCentre #Jobs #USIndia #LifeSciences

Sridhar Babu Duddilla  Emily Duncan Atul Kapoor"
ZS,Hyderabad,2025-12-02T07:12:45.902Z,Pratap Khedkar,linkedin_metadata,https://www.linkedin.com/posts/gcc-marketwatch_gccexpansion-pharmaconsulting-lifesciences-activity-7401518675901669376-8Ru7,"US-based technology and management consulting firm ZS is expanding its India operations to support the growing number of global pharmaceutical and life sciences companies setting up Global Capability Centers (GCCs) in India. With 70% of its workforce already based in India, ZS is rapidly growing its Hyderabad office to leverage local talent and closely collaborate with GCCs on strategic initiatives. This expansion highlights India's critical role as both a delivery and innovation hub in global consulting and life sciences analytics, driving digital transformation and cutting-edge solutions for clients worldwide.
#GCCExpansion #PharmaConsulting #LifeSciences #GlobalCapabilityCenters #HyderabadGrowth #IndiaTechHub 

Pratap Khedkar"
Orion Innovation,Pune,2025-10-15T07:32:25.780Z,,ollama_qwen,https://www.linkedin.com/posts/gcc-marketwatch_pune-indiatech-digitaltransformation-activity-7384129007119937536-uJiZ,"Orion Innovation has launched a new state-of-the-art delivery center in Pune, boosting its India footprint and reinforcing its global innovation capabilities. The Pune hub will advance cutting-edge Data, AI, Cloud, and Digital Experience solutions, harnessing local talent to drive transformation for clients worldwide. This expansion cements Orion’s commitment to creating jobs, scaling delivery, and positioning India as a powerhouse for next-gen tech.
#Pune #IndiaTech #DigitalTransformation #AI #Cloud #GlobalCapabilityCentres #Innovation #TechTalent #FutureOfWork"
Saviynt,Bengaluru,2025-10-09T06:37:51.694Z,,ollama_qwen,https://www.linkedin.com/posts/gcc-marketwatch_bengaluru-innovationhub-identitysecurity-activity-7381940947414147072-3ssi,"Saviynt has inaugurated its largest global innovation hub in Bengaluru, home to 650+ employees, powering the future of AI-driven identity security and governance. As the company’s new Center of Excellence, the hub will drive cutting-edge R&D, expand India’s cybersecurity talent pipeline, and deliver AI-first solutions for Fortune 500 enterprises worldwide.
#Bengaluru #InnovationHub #IdentitySecurity #AICybersecurity #DigitalIndia #TechTalent #CenterOfExcellence #GCC #FutureOfWork"
Eli Lilly and Company,Hyderabad,2025-10-07T05:28:11.036Z,Patrik Jonsson; Diogo Rau; Manish Arora; Shilpa Gupta; Sridhar Babu Duddilla; Winselow Tucker,linkedin_metadata,https://www.linkedin.com/posts/gcc-marketwatch_gcc-india-manufacturing-activity-7381198636732305408-gDtB,"Eli Lilly is making a landmark $1 billion investment in India to expand contract manufacturing and launch its new oral weight-loss drug, building on the blockbuster success of Mounjaro. This initiative includes a new manufacturing and quality hub in Hyderabad, strengthening India’s role as a global leader in diabetes, obesity, and autoimmune treatments. The expansion is set to boost innovation, increase access to life-changing medicines, and create skilled jobs across the country.
#GCC #India #Manufacturing #Hyderabad #Innovation #Healthcare #Pharma #GlobalCapabilityCentre #Mounjaro #Orforglipron #Diabetes 
#Obesity #Expansion

Eli Lilly and Company Patrik Jonsson"
LTIMindtree,,2025-09-19T04:27:43.020Z,Dr. Sujay Sen; Rhys Furner,linkedin_metadata,https://www.linkedin.com/posts/gcc-marketwatch_aicommerce-ltimindtree-shopify-activity-7374660438149566464-Amb1,"LTIMindtree has joined forces with Shopify to establish an AI Commerce Centre of Excellence, revolutionizing enterprise e-commerce with advanced AI capabilities. This ambitious initiative will accelerate digital transformation, enable rapid migration to AI-first commerce platforms, and drive talent upskilling at scale. The collaboration empowers brands to launch faster, scale smarter, and unlock new growth opportunities in a secure, future-ready digital marketplace.
#AICommerce #LTIMindtree #Shopify #DigitalTransformation #Ecommerce #Innovation #AI #FutureOfCommerce #TechPartnership

Dr. Sujay Sen Rhys Furner"
Netflix,Hyderabad,2025-11-04T10:12:09.994Z,Ted Sarandos,ollama_qwen,https://www.linkedin.com/posts/gcc-marketwatch_netflixindia-hyderabad-contentcreation-activity-7391416963538882560-8QhE,"Netflix has chosen Hyderabad for its second office in India, leasing a 41,000 sq. ft. space in HITEC City. This new facility will focus on regional content creation, production management, and technical operations, strengthening Netflix’s collaboration with South Indian creators and boosting the region’s creative economy. The move highlights Hyderabad’s rise as a powerhouse for media, tech, and entertainment, attracting global giants with its strong infrastructure and vibrant talent pool.
#NetflixIndia #Hyderabad #ContentCreation #DigitalMedia #CreativeEconomy #TechHub #OTT #SouthIndia #GlobalExpansion #HITECity​"
WorkEZ,Bengaluru,2025-10-13T10:32:47.758Z,Prathap Murali,linkedin_metadata,https://www.linkedin.com/posts/gcc-marketwatch_workez-bengaluru-techshire-activity-7383449622054174720-iLN6,"WorkEZ has marked a major milestone, launching its first Bengaluru centre with over 2 lakh sq. ft. and 3,300+ seats at TECHSHIRE, Bellandur-ORR. This expansion strengthens WorkEZ’s national footprint and sets a new benchmark in flexible workspace design—blending collaboration, innovation, and sustainability to meet the evolving needs of tech-driven businesses in India’s largest flex-space market.
#WorkEZ #Bengaluru #TECHSHIRE #FlexibleWorkspace #Expansion #Collaboration #Innovation #Sustainability #FutureOfWork #OfficeDesign

Prathap Murali"
AstraZeneca,Chennai,2025-09-11T05:55:42.373Z,MK Stalin; Siva Kumar Padmanabhan,linkedin_metadata,https://www.linkedin.com/posts/gcc-marketwatch_chennai-gitc-healthcareinnovation-activity-7371783478436081666-M0fk,"AstraZeneca is investing Rs 176 crore to expand its Global Innovation & Technology Centre (GITC) in Chennai, reinforcing the city’s position as a premier hub for healthcare innovation. This investment will accelerate advanced R&D, AI, data analytics, and supply chain capabilities, driving the development of next-generation medicines and digital healthcare solutions. The expansion will generate skilled opportunities, support knowledge exchange, and strengthen Tamil Nadu’s reputation as a center of excellence for global innovation in life sciences.
#Chennai #GITC #HealthcareInnovation #LifeSciences #AIinHealthcare #DigitalHealth #R&D #TamilNadu #GlobalInnovation

AstraZeneca India Siva Kumar Padmanabhan MK Stalin"
Atlassian,Bengaluru,2025-09-09T11:31:31.500Z,Avani Solanki Prabhakar; Rajeev Rajan,linkedin_metadata,https://www.linkedin.com/posts/gcc-marketwatch_atlassian-bengaluru-randd-activity-7371143214268964865-ppX2,"Atlassian has opened a state-of-the-art R&D Centre in Bengaluru, spanning over 200,000 square feet, four times larger than its previous office. This new facility exemplifies Atlassian’s continued commitment to India as a core global innovation hub, supporting distributed teamwork and unleashing world-class product development. With nearly 75% of its India workforce engaged in R&D and more than 2,500 employees nationwide, Atlassian’s Bengaluru centre is a destination for top engineering talent, designed for future-ready collaboration, wellness, and hybrid work.
#Atlassian #Bengaluru #RandD #TechTalent #Innovation #Collaboration #TeamAnywhere #IndiaTech #GlobalGrowth #SoftwareEngineering

Rajeev Rajan Avani Solanki Prabhakar"
Anthropic,Bengaluru,2025-10-08T09:18:51.597Z,Dario Amodei; Paul Smith,linkedin_metadata,https://www.linkedin.com/posts/gcc-marketwatch_claudeai-indiaai-bengaluru-activity-7381619076118478848-1JGj,"Anthropic, creator of Claude, is set to open its first India office in Bengaluru in 2026, marking a major commitment to India’s exploding AI ecosystem. With India already ranking second in global usage of Claude—mainly for technical and programming tasks—the new hub will drive local innovation, enterprise partnerships, and responsible AI adoption at scale. Anthropic’s expansion reflects India’s deep talent pool and government focus on democratizing AI’s benefits nationwide.
#ClaudeAI #IndiaAI #Bengaluru #AIEcosystem #TechTalent #AIInnovation #ResponsibleAI #DigitalIndia #AIExpansion

Paul Smith Dario Amodei"
Carlsberg Group,Gurugram,2025-09-04T13:24:42.897Z,,ollama_qwen,https://www.linkedin.com/posts/gcc-marketwatch_gcc-gurugram-digitaltransformation-activity-7369359760124428292-gnme,"Carlsberg Group has launched its first-ever IT Global Capability Centre (GCC) in Gurugram, underscoring its commitment to digital transformation and India’s strategic tech talent. The Gurugram GCC, powered by a build-operate partnership with GSPANN, will drive managed IT services, infrastructure operations, and application support for Carlsberg’s operations across 150+ global markets. This initiative strengthens Carlsberg’s IT backbone, accelerates innovation, and positions India as a crucial hub for future-ready enterprise capabilities.
#GCC #Gurugram #DigitalTransformation #Innovation #ITServices #GlobalCapabilityCentre #EnterpriseIT #IndiaTech"
Truist,Hyderabad,2025-09-17T10:31:41.061Z,Rohit Gupta; Sriniketh Chakravarthi,ollama_qwen,https://www.linkedin.com/posts/gcc-marketwatch_gcc-hyderabad-infosys-activity-7374027257801162753-NuLK,"Truist Financial Corp, one of the largest US banks, is set to launch a GCC in Hyderabad, expanding India’s financial tech landscape. Infosys, a current IT partner, is likely to bid for managing the centre, which will anchor fintech, AI, analytics, and engineering operations—driving major tech employment and innovation in the region. 
#GCC #Hyderabad #Infosys #TechIndia #Fintech #Innovation #ITservices"
Deutsche Börse Group,Hyderabad,2025-08-25T06:22:03.152Z,Christoph Böhm; Lalit Ahuja; Sridhar Babu Duddilla,linkedin_metadata,https://www.linkedin.com/posts/gcc-marketwatch_gcc-hyderabad-techtalent-activity-7365629514988552192-RNuk,"Deutsche Börse Group has launched a new GCC in Hyderabad, marking a major stride in its digital and innovation agenda. The center will focus on capital markets platforms, AI-driven analytics, cybersecurity, and cloud infrastructure, leveraging Hyderabad’s top-tier tech talent. This expansion, in partnership with ANSR, will create hundreds of technology and operations jobs, reinforcing India’s role as a strategic hub for global enterprises.
#GCC #Hyderabad #TechTalent #DigitalInnovation #CapitalMarkets #AI #Cybersecurity #CloudInfrastructure #India #GlobalExpansion

Christoph Böhm Lalit Ahuja"
Albertsons Companies,Bengaluru,2025-08-26T06:48:13.748Z,Sunil Gopinath,linkedin_metadata,https://www.linkedin.com/posts/gcc-marketwatch_ceo-gcc-bengaluru-activity-7365998490411257856-0iwD,"Albertsons Companies has appointed Sunil Gopinath as CEO of its new global technology and innovation center in Bengaluru, India. The centre aims to drive enterprise-wide retail transformation through AI, data science, and cloud engineering, supporting over 40 million customers weekly. Albertsons plans to hire about 1,000 employees in the next 18 months, building scale and innovation to strengthen its global technology leadership.
#CEO #GCC #Bengaluru #Innovation #RetailTech #AI #DataScience #CloudEngineering #Hiring #TechTalent #GlobalExpansion

Albertsons Companies India"
Albertsons Companies India,,2025-08-26T05:38:04.369Z,Avik Das; Lalit Ahuja; Sunil Gopinath,linkedin_metadata,https://www.linkedin.com/posts/gcc-marketwatch_gcc-india-globalexpansion-activity-7365980834996113411-qQnS,"Albertsons has appointed Sunil Gopinath as the head of its GCC in India, marking a strategic step to scale its operations and innovation. The newly opened GCC plans to hire about 1,000 employees over the next 18 months, focusing on AI-driven customer experiences, supply chain optimization, and advanced data capabilities. This centre will play a crucial role in supporting Albertsons’ global market by delivering cutting-edge solutions in digital shopping, pharmacy, and personalized services.
#GCC #India #GlobalExpansion #AI #CustomerExperience #SupplyChain #DataScience #Hiring #Innovation #TechTalent

Sunil Gopinath Albertsons Companies India ANSR Lalit Ahuja Avik Das Business Standard"
Lloyd's List Intelligence,Chennai,2025-11-25T09:41:15.003Z,,ollama_qwen,https://www.linkedin.com/posts/gcc-marketwatch_gcc-chennai-maritimeanalytics-activity-7399019328320372736-J8yu,"Lloyd's List Intelligence has launched its new GCC in Chennai, India, positioning the city as a critical hub for global maritime analytics and data-driven intelligence. Supported by Cushman & Wakefield and the TN government, the center will deliver over one billion daily maritime data points, drive innovation in trade intelligence, and create opportunities for 200+ specialized professionals. This expansion underscores Chennai’s strength in talent and advanced GCC infrastructure, fueling the next wave of digital excellence for the maritime industry.
#GCC #Chennai #MaritimeAnalytics #TradeIntelligence #DataScience #IndiaBusiness #GlobalExpansion #InnovationHub"
NCR Voyix India,,2026-04-11T10:00:59.332Z,Ashish Gora,linkedin_metadata,https://www.linkedin.com/posts/et-gcc_gcc-globalcapabilitycentres-gccnews-activity-7448671433343303680-bMvH,"“Building new capabilities in a GCC is key to growth and value, but it’s not without its hurdles. As we scaled ours, we hit a few bumps along the way, each one taught us something and helped us get better,” said Ashish Gora, general manager and head India development center, NCR Voyix India.

This shift shows the broader evolution of GCCs from cost centres into governance hubs. Workplace governance, regulatory reporting, and risk management are also being treated as enterprise capabilities rather than back-office functions.

Read more in our newsletter and subscribe 👇 
https://lnkd.in/gzYFN7_f

#GCC #GlobalCapabilityCentres #GCCNews #GCCCommunity #GCCTrends #News #Trends #IndustryTrends #GCCLeaders #Newsletter #GCCWeekly #ETGCCWorld"
Flutter Entertainment India,,2026-04-08T10:39:15.300Z,Praveen Medisetti,linkedin_metadata,https://www.linkedin.com/posts/et-gcc_etgccgrowthsummit-etgccgrowthsummithyd-gcc-activity-7447593899734355968-BG08,"Praveen Medisetti, Country Leader – Technology & Data, Flutter Entertainment India, shares how GCCs are no longer just service centres, but global engines of product innovation and business impact. 

With AI becoming increasingly accessible, the real differentiator lies in how organizations adopt, scale, and monetize it.

#ETGCCGrowthSummit #ETGCCGrowthSummitHYD #GCC #GlobalCapabilityCentres #GCCLeaders #Leadership #GCCCommunity #GCCNews #GCCTrends #ETGCCWorld"
Hollister Co.,Bengaluru,2026-04-08T06:44:23.692Z,Rohit Gupta; Sriniketh Chakravarthi,ollama_qwen,https://www.linkedin.com/posts/et-gcc_gcc-globalcapabilitycenters-bengaluru-activity-7447534795246448640-PTRx,"The newly established GCC will play a central role in modernising the US-based lifestyle retailer’s global operations. 

Its focus areas include enterprise data and analytics, AI-led customer personalisation, and strengthening omnichannel capabilities across its portfolio, including brands such as Hollister Co. and Gilly Hicks.

Abercrombie & Fitch Co. is also ramping up hiring for the Bengaluru centre, with roles spanning digital technology, supply chain analytics, and corporate strategy.

More details below. 👇 
https://lnkd.in/g4_KsPid

#GCC #GlobalCapabilityCenters #Bengaluru #AI #GCCCommunity #GCCNews #News #GCCIndia #ETGCCWorld"
OneMagnify,Chennai,2026-04-02T07:55:34.153Z,Venkatesh Kidambi,linkedin_metadata,https://www.linkedin.com/posts/et-gcc_gcc-gccnews-chennaigcc-activity-7445378379664506880-xrlx,"As part of this announcement, the company has appointed Venkatesh Kidambi as Managing Director for OneMagnify India.

“Honored to step into this role at OneMagnify. Chennai has always had the ingredients. Deep talent, strong engineering DNA, and the ability to scale. What we are building now is different,” said Kidambi.

Kidambi brings over two decades of experience in building and scaling digital, data, and technology platforms across global organisations, such as Kimberly-Clark and Orkla India. 

Read the full story 👇 
https://lnkd.in/g7GeR-qR

#GCC #GCCNews #ChennaiGCC #GCCCommunity #Chennai #GlobalCapabilityCentres #GCCIndia #GCCLeaders #News #Trends #OneMagnify #ETGCCWorld"
"For decades, breakthrough medical technology followed the traditional path of being conceived in well-funded Western laboratories, then exported to the rest of the world. The most innovative solutions were built for environments rich in infrastructure and resources, and only later adapted for markets that looked nothing like them.

India entered that system as a support base.

But proximity to the problem",,2026-04-04T08:02:43.809Z,Arvind Vaishnav,linkedin_metadata,https://www.linkedin.com/posts/et-gcc_gcc-globalcapabilitycentres-gccindia-activity-7446104957503832067-fRGl,"For decades, breakthrough medical technology followed the traditional path of being conceived in well-funded Western laboratories, then exported to the rest of the world. The most innovative solutions were built for environments rich in infrastructure and resources, and only later adapted for markets that looked nothing like them.

India entered that system as a support base.

But proximity to the problem has changed things. As these centres matured, they moved beyond adaptation and closer to the original problem statement.

“At Philips Innovation Campus, we innovate through strong co-creation and collaboration with global teams, clinical partners, and healthcare providers. By bringing together diverse perspectives early in the innovation process, solutions are designed to meet both local needs and global regulatory requirements from the outset,"" said Arvind Vaishnav.

Find more in our newsletter cover story 👇 
https://lnkd.in/gzYFN7_f

#GCC #GlobalCapabilityCentres #GCCIndia #GCCCommunity #GCCLeaders #Medtech #GCCNews #GCCTrends #IndustryTrends #News #Trends #Newsletter #GCCWeekly #ETGCCWorld"
We often say India,,2026-04-03T13:17:50.131Z,Rajeev Mall; Saurabh Kumar,linkedin_metadata,https://www.linkedin.com/posts/et-gcc_gcc-globalcapabilitycentres-gccunplugged-activity-7445821868500201473-5eQS,"We often say India has the talent.

But when it comes to ownership, decision-making, and thought leadership, we still hesitate.

In this episode of GCC Unplugged, Rajeev Mall breaks down why the back office mindset is still holding GCCs back and what needs to change.

From building Costco’s India GCC to questioning how we approach AI, this conversation goes beyond frameworks.

In coversation with Saurabh Kumar.

Full episode out now 👇 
https://lnkd.in/g-P64z8C

#GCC #GlobalCapabilityCentres #GCCUnplugged #GCCLeaders #GCCCommunity #GCCNews #GCCTrends #IndustryTrends #Leadership #Podcast #ETGCCWorld"
Amadeus,Bengaluru,2026-04-01T11:44:29.609Z,Rohit Gupta; Sriniketh Chakravarthi; Arun Narayanaswamy; Dr.Durga Prakash Devarakonda (DP); Hemanshi Tewari; Mani Ganeshan,ollama_qwen,https://www.linkedin.com/posts/et-gcc_gcc-madeingcc-gcccommunity-activity-7445073602477166593-_5KP,"Made in GCC | Amadeus Digital Experience Suite

In the early days of mobile phones, building for airlines was a tough nut to crack. Devices ran on competing operating systems, screen sizes varied widely and even basic testing required teams to juggle dozens of physical phones. For travel companies trying to serve increasingly digital customers, the channel was fast becoming both an opportunity and a headache.

At Amadeus, the fragmentation exposed a deeper gap. Airlines did not just need mobile apps. They needed a coherent way to manage the entire digital journey.

The company’s Bengaluru centre was asked to take on that challenge. In the early 2010s, the team was tasked with building Amadeus’ mobile competency from the ground up, a deliberate move to give the India centre a distinct technical identity within the multinational’s global engineering network. The bet was timely. Mobile was expanding rapidly, and expertise within the company was still thin.

(Made in GCC is a series tracking the products, engineering bets, and breakthrough ideas emerging from India’s Global Capability Centres.)

Read more: https://lnkd.in/gUbGxX7g

#GCC #MadeinGCC #GCCCommunity #GlobalCapabilityCentres #GCCLeaders #BengaluruGCC #Amadeus #ETGCCWorld"
Capgemini Invent,,2026-04-06T04:50:47.365Z,Geetanjali Khatri (GK); Rohit Kaila; Sushant Rabra,linkedin_metadata,https://www.linkedin.com/posts/et-gcc_gcc-globalcapabilitycentres-gccindia-activity-7446781429767876608-grOP,"“AI is not the outcome. It is a means to achieve outcomes.”

Geetanjali Khatri of Capgemini Invent breaks down why becoming AI-native isn’t about deploying tools, but about aligning it to business outcomes, decision-making, and ways of working.

In this special discussion by ETGCCWorld in association with KPMG India, Khatri, Rohit Kaila and Sushant Rabra explore how GCCs are adapting to the AI era.

More in the full episode 👇 

https://lnkd.in/gBGbvdfM

#GCC #GlobalCapabilityCentres #GCCIndia #GCCCommunity #GCCNews #GCCTrends #IndustryTrends #Trends #News #GCCLeaders #KPMG #AI #ETGCCWorld"
Evernorth Health Services,,2026-03-20T10:00:01.742Z,Prashanti Bodugum; Chandra. Gupta; Paul Jeruchimowitz; Shipra Malhotra,linkedin_metadata,https://www.linkedin.com/posts/et-gcc_etgccgrowthsummit-etgccgrowthsummithyd-gcc-activity-7440698658750103552-DIuA,"At the ET GCC Growth Summit 2026, Prashanti Bodugum, Head – Evernorth Health Services India, highlights how GCCs must first establish strong engineering excellence before expanding into full-stack ownership—combining product, architecture, and deep domain expertise to drive real impact.

She also sheds light on the evolving talent landscape, where attracting top talent is no longer about job roles, but about purpose. Building T-shaped professionals—those with both technical breadth and domain depth—has become essential in solving complex business challenges and creating meaningful outcomes.

As GCCs shift focus from outputs to outcomes, with AI at the core, they are redefining how enterprises innovate and deliver value at scale.

Know more:
https://lnkd.in/gUa95iQx

#ETGCCGrowthSummit #ETGCCGrowthSummitHYD #GCC #GlobalCapabilityCentres #AI #Leadership #FutureOfWork #TalentStrategy #ETGCCWorld"
Rubrik,,2026-03-20T08:15:04.628Z,Vipul Nayak; Rohit Gupta; Sriniketh Chakravarthi,linkedin_metadata,https://www.linkedin.com/posts/et-gcc_etgccgrowthsummit-etgccgrowthsummithyd-gcc-activity-7440672246739873792-g31H,"Vipul Nayak, Sales Head, Rubrik, at the ETGCC Growth Summit 2026, highlights how faster data recovery and business continuity are becoming mission-critical in today’s ransomware landscape.

He shares how identifying clean data copies and restoring critical systems—ranging from enterprise applications to communications and AI—can drastically reduce recovery time from weeks to just hours.

With GCCs evolving into capability hubs, he also points to their growing role in managing enterprise-wide data security, resilience, and governance.

Know more:
https://lnkd.in/gUa95iQx

#ETGCCGrowthSummit #ETGCCGrowthSummitHYD #GCC #GlobalCapabilityCentres #CyberSecurity #DataSecurity #AI #Leadership #GCCCommunity #ETGCCWorld"
Carrier,,2026-03-31T05:07:33.983Z,Chakravarthy Aravapalli; Nanda K Lakkaraju; Rachit Chhokera; Saurabh Kumar; David Cotter; Girish Bhat; Kamal Sharma; Lalitha Indrakanti; Pooja Singh; Shantheri Mallaya; Sreeman N Murthy Kandala,linkedin_metadata,https://www.linkedin.com/posts/et-gcc_gcc-globalcapabilitycentres-gccindia-activity-7444611324636172288-YPRW,"“Friction is not necessarily a bad thing.”

It’s what keeps systems from slipping.

As GCCs scale across geographies, the instinct is to move fast. But skipping secure-by-design thinking only pushes the cost downstream.

Nanda K Lakkaraju of Carrier Technologies India breaks down why investing upfront in architecture and governance is critical to digital trust.

In this special discussion by ETGCCWorld in association with KPMG India, Lakkaraju, Chakravarthy Aravapalli and Rachit Chhokera discuss digital trust in a multi-regulation world.

Full episode out now 👇
https://lnkd.in/gcVh6sH6

#GCC #GlobalCapabilityCentres #GCCIndia #KPMG #GCCCommunity #GCCTrends #GCCNews #News #DigitalTrust #ETGCCWorld"
Blackbaud India,,2026-03-24T11:24:28.873Z,Hardeep Kaur; Rajiv Gajria,linkedin_metadata,https://www.linkedin.com/posts/et-gcc_gcc-hr-leadership-activity-7442169463300435968-DSZp,"“At Blackbaud, our India team plays an important role in supporting the company’s global expansion and technology development efforts. As responsibilities grow, our talent strategy is focused on building capabilities that combine strong technical expertise with global collaboration and business understanding,” said Hardeep Kaur, Director - HR, Blackbaud India.

As AI and data become central to the company’s platform evolution, the definition of critical skills is expanding. Alongside engineering and analytics capabilities, there is a growing focus on applying technology meaningfully and responsibly.

This story is part of Built To Scale, a series that looks at how HR leaders are shaping culture, strengthening talent pipelines and preparing employees to take on larger global roles.

Read more: https://lnkd.in/gS3J2-JA

#GCC #HR #Leadership #Hiring #Talent #Blackbaud #GlobalCapabilityCentres #GCCIndia #GCCNews #News #ETCCWorld"
PeopleCert,,2026-03-24T12:33:36.669Z,Satya Mishra; Swati Aggarwal - ITIL; PRINCE2; Vishal Vyas; ITIL Master; CGEIT; CRISC; Vivek Joseph,linkedin_metadata,https://www.linkedin.com/posts/et-gcc_etgccgrowthsummit-etgccgrowthsummithyd-gcc-activity-7442186860417855488-94B0,"When expertise operates in silos, even the best talent and technology can lead to fragmented outcomes.

At the ETGCC Growth Summit 2026, Vishal Vyas, ITIL Master, CGEIT, CRISC , PeopleCert ITIL Ambassador, explains how GCCs can use ITIL as a unifying operating framework—aligning teams, processes, and capabilities toward a single organizational objective.

By standardizing workflows and connecting dispersed functions, ITIL enables GCCs to move from isolated excellence to cohesive, outcome-driven performance at a global scale.

Reflecting on the summit, he highlights the strong energy, engaging discussions, and the growing curiosity among leaders to drive meaningful transformation across organizations.

Know more:
https://lnkd.in/gUa95iQx

Vivek Joseph | Satya Mishra | Swati Aggarwal - ITIL, PRINCE2
#ETGCCGrowthSummit #ETGCCGrowthSummitHYD #GCC #GlobalCapabilityCentres #ITIL #Leadership #DigitalTransformation #EnterpriseExcellence #ETGCCWorld"
CloudLeap,,2026-03-20T10:45:04.384Z,Bhavana M.,linkedin_metadata,https://www.linkedin.com/posts/et-gcc_etgccgrowthsummit-etgccgrowthsummithyd-digitaltransformation-activity-7440709994452328448-5ES0,"At the ETGCC Growth Summit 2026, Bhavana M., Co-founder, CloudLeap, shares how embedding “glue engineering” into the core of SaaS platforms enables businesses to unify systems, processes, and even manual workflows—without disrupting their existing ecosystem.

By integrating internal and external systems with pre-built connectors, CloudLeap is helping enterprises accelerate transformation while maximizing the value of their current investments.

She also reflects on how GCCs in India are no longer just execution hubs but are actively identifying problems, driving solutions, and delivering end-to-end transformation outcomes—right from the ground up.

Know more:
https://lnkd.in/gUa95iQx

#ETGCCGrowthSummit #ETGCCGrowthSummitHYD #DigitalTransformation #SaaS #GCC #GlobalCapabilityCentres #Innovation #EnterpriseTech #ETGCCWorld"
IndiaLand Corporation,,2026-03-19T12:30:03.804Z,Jaynit Raheja,linkedin_metadata,https://www.linkedin.com/posts/et-gcc_etgccgrowthsummit-etgccgrowthsummithyd-gcc-activity-7440374028269158400-qZct,"Jaynit Raheja, Managing Director, Indialand Corporation, at the ETGCC Growth Summit 2026, shares how the role of real estate developers is evolving—from offering just physical spaces to creating integrated, experience-driven ecosystems for global enterprises.

With a strong focus on sustainability, community building, and employee-centric infrastructure, he highlights how modern business parks are being designed to support collaboration, well-being, and a sense of belonging for the new-age workforce.

Reflecting on the summit, he notes the growing significance of India as a global GCC hub and the positive momentum driven by innovation and AI-led transformation.

Know more:
https://lnkd.in/gUa95iQx

#ETGCCGrowthSummit #ETGCCGrowthSummitHYD #GCC #GlobalCapabilityCentres #FutureOfWork #Workspaces #Leadership #GCCCommunity #ETGCCWorld"
The GCC,Hyderabad,2026-04-02T08:16:21.127Z,,ollama_qwen,https://www.linkedin.com/posts/et-gcc_gcc-globalcapabilitycentres-gccnews-activity-7445383609852686336-31_n,"The GCC will operate as an extension of the global firm, with teams participating in shared planning, decision-making, and execution processes.

Going ahead, it expects the center to play a larger role over time in supporting its global operations and long-term growth, particularly in delivering integrated retail solutions across markets.

Headquartered in Texas, the firm designs and manufactures custom retail fixtures, displays, and modular environments for brands across beauty, technology, retail, and healthcare. 

Read more 👇 
https://lnkd.in/gEAuEPaf

#GCC #GlobalCapabilityCentres #GCCNews #GCCCommunity #News #Trends #Hyderabad #GCCIndia #Hyderabad #GCCTelangana #ETGCCWorld"
Octave,,2026-03-20T09:30:20.039Z,Sekhar Konidena,linkedin_metadata,https://www.linkedin.com/posts/et-gcc_etgccgrowthsummit-etgccgrowthsummithyd-gcc-activity-7440691185746280448-FuZc,"At the ETGCC Growth Summit 2026, Sekhar Konidena, Vice President – Product & Services, Octave, shares how organizations can move from execution to full product ownership by delivering quality outcomes and earning stakeholder confidence over time.

He also emphasizes creating a culture of experimentation—where talent is empowered to innovate, fail fast, and continuously evolve, making it key to attracting and retaining high-impact tech talent.

With strong focus areas like AI, data, and governance, such perspectives highlight how GCCs are shaping the future of enterprise innovation.

Know more:
https://lnkd.in/gUa95iQx

#ETGCCGrowthSummit #ETGCCGrowthSummitHYD #GCC #GlobalCapabilityCentres #AI #Leadership #FutureOfWork #GCCCommunity #ETGCCWorld"
Axis Bank,,2026-03-19T08:00:23.966Z,Satpreet Chelawat; Nitin Anand,linkedin_metadata,https://www.linkedin.com/posts/et-gcc_etgccgrowthsummit-etgccgrowthsummithyd-gcc-activity-7440306165109997569-sOu7,"Satpreet Chelawat, Executive Vice-President & Head – Corporate Salary, Axis Bank, at the ETGCC Growth Summit 2026, highlights how GCCs are fast emerging as a key growth engine—driven by deeper collaboration, evolving industry needs, and a sharper focus on value creation.

She shares how AI adoption is taking a balanced path—enhancing customer experiences while simultaneously empowering employees with intelligent tools to enable more personalized and effective interactions.

A perspective that reflects how GCCs are not just adapting, but actively shaping the future of enterprise ecosystems.

Know more:
https://lnkd.in/gUa95iQx

#ETGCCGrowthSummit #ETGCCGrowthSummitHYD #GCC #GlobalCapabilityCentres #AI #Banking #FutureOfWork #Leadership #GCCCommunity #ETGCCWorld"
Qualcomm,,2026-03-19T07:17:16.007Z,Ram (Ramaprasad) Subramaniam; Bindu Sunil; Biswajit Panda; Debasis Panda; Vaishnavi D.; Vijay Pullur,linkedin_metadata,https://www.linkedin.com/posts/et-gcc_etgccgrowthsummit-etgccgrowthsummithyd-gcc-activity-7440295310423212032-fQdD,"Ram (Ramaprasad) Subramaniam, Vice-President & GCC Lead, Qualcomm, highlights how faster, real-time decision-making is pushing enterprises closer to where data is generated. As GCCs evolve, the ability to process and act at the edge will be key to driving speed, efficiency, and competitive advantage.

Know more: https://lnkd.in/gUa95iQx

#ETGCCGrowthSummit #ETGCCGrowthSummitHYD #GCC #GlobalCapabilityCentres #GCCLeaders #Leadership #GCCCommunity #GCCNews #GCCTrends #ETGCCWorld"
State Bank of India,,2026-03-19T11:00:03.902Z,Sreedhar Gudey; Sriniketh Chakravarthi; Rohit Gupta,linkedin_metadata,https://www.linkedin.com/posts/et-gcc_etgccgrowthsummit-etgccgrowthsummithyd-gcc-activity-7440351379438829568-4hYl,"Sreedhar Gudey, AGM – Corporate Salary Relationship Manager (GCC), State Bank of India, at the ET GCC Growth Summit 2026, shares how GCCs are playing a pivotal role in driving innovation and efficiency at scale—shaping not just enterprises, but the broader economic momentum.

He highlights the growing importance of AI adoption in banking, emphasizing that staying aligned with global advancements is key to delivering value and maintaining competitiveness.

Reflecting on his experience, he describes the summit as an engaging platform filled with meaningful interactions, insights, and strong industry participation.

Know more:
https://lnkd.in/gUa95iQx

#ETGCCGrowthSummit #ETGCCGrowthSummitHYD #GCC #GlobalCapabilityCentres #AI #Banking #FutureOfWork #Leadership #GCCCommunity #ETGCCWorld"
CDK Global,,2026-03-20T06:54:05.276Z,Sandeep Kumar Jain,linkedin_metadata,https://www.linkedin.com/posts/et-gcc_etgccgrowthsummit-etgccgrowthsummithyd-gcc-activity-7440651865140330496-H5HA,"Sandeep Kumar Jain, Managing Director, CDK Global India, at the ET GCC Growth Summit 2026, shares how scaling a GCC today requires a clear shift from execution-driven models to value-led delivery—powered by strong tech focus and deep business alignment.

He emphasizes that owning global products from India is now a reality, enabled by growing domain expertise and end-to-end capabilities within GCCs. For leaders, adaptability, continuous learning, and strong alignment across teams remain critical to driving long-term success.

Reflecting on the summit, he highlights the depth of conversations and the value-driven discussions that truly stand out.

Know more:
https://lnkd.in/gUa95iQx

#ETGCCGrowthSummit #ETGCCGrowthSummitHYD #GCC #GlobalCapabilityCentres #Leadership #FutureOfWork #Technology #GCCCommunity #ETGCCWorld"
Nemetschek India,,2026-03-19T12:30:19.454Z,Sanjay Kumar Singh; Bharath Shivappa; Gaurav Sharma; Mohua Sengupta; Sairam Nair; Soumik Ghosh; Surabhi Sharma,linkedin_metadata,https://www.linkedin.com/posts/et-gcc_etgccgrowthsummit-etgccgrowthsummithyd-gcc-activity-7440374093910269953-h8Wj,"Sanjay Kumar Singh, MD, Nemetschek India GCC, highlights the importance of awareness and intent in breaking barriers. Progress begins with understanding limitations and building a clear roadmap to move beyond them, especially as GCCs step into more strategic roles.

Know more: https://lnkd.in/gUa95iQx

#ETGCCGrowthSummit #ETGCCGrowthSummitHYD #GCC #GlobalCapabilityCentres #GCCLeaders #Leadership #GCCCommunity #GCCNews #GCCTrends #ETGCCWorld"
Neurealm,,2026-03-18T13:08:46.972Z,Balaji Uppili; Rohit Gupta; Sriniketh Chakravarthi; Balaji Upilli,linkedin_metadata,https://www.linkedin.com/posts/et-gcc_etgccgrowthsummit-etgccgrowthsummithyd-gcc-activity-7440021384476487680-Y7HM,"Focusing on speed, efficiency, and enhanced user experience, Balaji Uppili, President & Chief Business Officer – India & UK, Neurealm, shares how AI is enabling faster development, scalable solutions, and improved customer engagement across enterprises.

He also outlines the building blocks of an AI-first enterprise—from mindset and training to defining business and AI architectures—while emphasizing that AI is not a replacement, but a powerful enabler for better outcomes.

Insights like these took center stage at the ET GCC Growth Summit 2026, shaping the future of enterprise transformation.

Know more:
https://lnkd.in/gUa95iQx

#ETGCCGrowthSummit #ETGCCGrowthSummitHYD #GCC #GlobalCapabilityCentres #AI #EnterpriseTransformation #Leadership #GCCCommunity #ETGCCWorld"
The Citco Group Limited,,2026-03-19T08:30:06.351Z,Amit Verma,linkedin_metadata,https://www.linkedin.com/posts/et-gcc_etgccgrowthsummit-etgccgrowthsummithyd-gcc-activity-7440313640974544896-hLKI,"Amit Verma, Managing Director – India, The Citco Group Limited, highlights how workspaces today go beyond aesthetics to enable trust, compliance, and seamless integration. As GCCs scale in regulated industries, the environment itself becomes a critical enabler of performance and governance.

Know more: https://lnkd.in/gUa95iQx

#ETGCCGrowthSummit #ETGCCGrowthSummitHYD #GCC #GlobalCapabilityCentres #GCCLeaders #Leadership #GCCCommunity #GCCNews #GCCTrends #ETGCCWorld"
The Executive Centre,Hyderabad,2026-03-18T12:08:52.969Z,Tripti Arora; Manish Khedia; MCR,linkedin_metadata,https://www.linkedin.com/posts/et-gcc_etgccgrowthsummit-etgccgrowthsummithyd-gcc-activity-7440006310135345152-VfAx,"Tripti Arora, Director – Hyderabad, The Executive Centre, shares insights at the ET GCC Growth Summit 2026 on how flex space providers are simplifying market entry with ready-to-move, fully customizable workspaces—helping organizations set up and scale operations seamlessly from day one.

She also highlights the summit as a valuable platform to understand evolving GCC trends and Hyderabad’s growing role as a key hub for global enterprises.

Stay tuned for more insights from leaders shaping the future of GCCs.

Know more:
https://lnkd.in/gUa95iQx

#ETGCCGrowthSummit #ETGCCGrowthSummitHYD #GCC #GlobalCapabilityCentres #FutureOfWork #Workspaces #Leadership #GCCCommunity #ETGCCWorld"
SHI Solutions India Pvt. Ltd.,,2026-03-19T05:51:09.797Z,Vineet Mohan,linkedin_metadata,https://www.linkedin.com/posts/et-gcc_etgccgrowthsummit-etgccgrowthsummithyd-gcc-activity-7440273641767903233-V4Wp,"How can enterprises align IT strategy with evolving business goals in an AI-driven world?

Highlighting the need for integrated approaches, Vineet Mohan, Head of End User Computing, SHI Solutions India Pvt. Ltd., shares how organizations are leveraging end-to-end IT infrastructure solutions—from end-user computing and data centers to cloud and cybersecurity—to gain a unified, “single pane of glass” view for better decision-making.

He also reflects on the summit as a valuable platform for networking and building meaningful industry connections in one of India’s fastest-growing GCC hubs.

More such conversations unfolded at the ET GCC Growth Summit 2026.
Know more:
https://lnkd.in/gUa95iQx

#ETGCCGrowthSummit #ETGCCGrowthSummitHYD #GCC #GlobalCapabilityCentres #AI #ITInfrastructure #Leadership #GCCCommunity #ETGCCWorld"
Lightcast India,,2026-03-18T11:55:19.922Z,Amit Verma; Manish Khedia; MCR; Saraswathi Ramachandra (She; Her; Hers); Shantheri Mallaya; Sreekanth Reddy,linkedin_metadata,https://www.linkedin.com/posts/et-gcc_etgccgrowthsummit-etgccgrowthsummithyd-gcc-activity-7440002899969179648-7T5k,"“Workspaces are no longer real estate decisions. They are business decisions.”

That thought stayed with me after the panel “Redefining Workspace in the GCC Era: Workspaces that accelerate innovation, talent and scale” at the ETGCCWorld Global Capability Centers Growth Summit 2026.

Featuring:
Saraswathi Ramachandra (She/Her/Hers), Managing Director & Country Head, Lightcast India
Amit Verma, Managing Director-India, The Citco Group Limited
Sreekanth Reddy, Senior Vice-President & Head - Leasing (South), Mindspace REIT (K Raheja Corp)
Manish Khedia, MCR, Regional Managing Director – West India, South India and Sri Lanka, The Executive Centre
Shantheri Mallaya, The Economic Times Business Verticals

This conversation made one thing clear: in the GCC era, workspace is no longer just about desks, design, or square footage.

What stood out:

* Talent still drives every location decision. Office space may be essential, but access to the right skills, culture, and long-term talent pipeline remains the real differentiator.

* The workplace has become an experience layer. It now shapes collaboration, brand identity, employee motivation, and even how globally integrated a GCC feels.

* For regulated sectors, workspace is also about trust. Security, compliance, operational resilience, and consistency across geographies now matter as much as aesthetics.

* The next wave will be led by ecosystems, not just offices. Cities, campuses, flexibility, amenities, and policy support will all influence scale.

The bigger shift?

The best GCC workspaces will not just house talent. They will help unlock it.

Know more: https://lnkd.in/gUa95iQx

#ETGCCGrowthSummit #ETGCCGrowthSummitHYD #GCC #GlobalCapabilityCentres #GCCLeaders #Leadership #GCCCommunity #GCCNews #GCCTrends #ETGCCWorld"
Accenture,,2026-03-18T11:58:48.225Z,Paul Jeruchimowitz; Arundhati Chakraborty,linkedin_metadata,https://www.linkedin.com/posts/et-gcc_etgccgrowthsummit-etgccgrowthsummithyd-gcc-activity-7440003773655293953-lf2V,"Paul Jeruchimowitz, Senior Managing Director & Global GCC Practice Lead, Accenture, shares insights at the ET GCC Growth Summit 2026 on why India stands out globally—driven by a strong STEM talent pool, industry maturity, and a deeply integrated ecosystem.

He also highlights the shift from support functions to owning global outcomes, emphasizing the need for strong leadership, continuous C-suite sponsorship, and end-to-end accountability to truly unlock GCC potential.

Stay tuned for more insights from global leaders shaping the future of GCCs.

Know more:
https://lnkd.in/gUa95iQx

#ETGCCGrowthSummit #ETGCCGrowthSummitHYD #GCC #GlobalCapabilityCentres #Leadership #FutureOfWork #Accenture #GCCCommunity #ETGCCWorld"
Wayfair,,2026-03-30T11:33:12.681Z,Geetanjali Khatri (GK); Rohit Kaila; Sushant Rabra; Niraj Shah,linkedin_metadata,https://www.linkedin.com/posts/et-gcc_gcc-globalcapabilitycentres-gccindia-activity-7444345987504189440-lCAd,"“The people I worry about the most are at the mid-level.”

It’s not about talent shortage. It’s about a transition gap.

Rohit Kaila of Wayfair breaks down why entry-level talent is already Gen AI-aware, leadership is leaning in, but mid-level managers will define how fast this shift actually happens.

In this special discussion by ETGCCWorld in association with KPMG India, Kaila, Geetanjali Khatri (GK) and Sushant Rabra explore how GCCs are adapting to the AI era.

Full episode out now 👇
https://lnkd.in/gBGbvdfM

#GCC #GlobalCapabilityCentres #GCCIndia #GCCLeaders #KPMG #GCCCommunity #GCCTrends #GCCNews #ETGCCWorld"
Reckitt,Hyderabad,2026-03-18T11:22:28.393Z,Bhavana M.; Chakravarthy Aravapalli; Nanda K Lakkaraju; Prashant Vijay; Sandeep Kumar Jain; Saurabh Kumar; Ramarko Sengupta,linkedin_metadata,https://www.linkedin.com/posts/et-gcc_etgccgrowthsummit-etgccgrowthsummithyd-gcc-activity-7439994630777192448-NtbJ,"“Most enterprises don’t struggle because they lack systems. They struggle because nothing truly works together.”

That was the sharp insight emerging from the panel “Building ‘Glue Engineering’ Teams: Fixing fragmented tech stacks for global systems” at the ETGCCWorld Global Capability Centers Growth Summit 2026.

Featuring:
Nanda K Lakkaraju , Managing Director, Carrier Technologies India
Chakravarthy Aravapalli , VP - IT&D ERP & Center Head, Reckitt , Hyderabad
Sandeep Kumar Jain , Managing Director, CDK Global India
Prashant Vijay , Head of Global Tech Hub-India, L'Oréal  
Bhavana M. , Co-Founder, CloudLeap  
Moderator : Saurabh Kumar , The Economic Times Business Verticals

This wasn’t just a conversation about integration. It was about what happens in the messy middle, between systems, teams, processes, and outcomes.

Inside the conversation:

• Glue engineering is not simply about connecting systems. It is about connecting outcomes, reducing handoff friction, and orchestrating value across functions.

• The real complexity is no longer hidden inside one large platform. It now lives across fragmented data, legacy products, invisible workflows, and disconnected decisions.

• GCCs are uniquely positioned to solve this because they sit at the intersection of business, product, technology, and global operations.

• The future will need a new kind of engineering talent, people who can spot invisible gaps, manage complexity, and stitch together what enterprises often overlook.

The biggest takeaway?

Transformation is not only about building new tech. It is about making everything already in motion work better together.

Know more: https://lnkd.in/gUa95iQx

#ETGCCGrowthSummit #ETGCCGrowthSummitHYD #GCC #GlobalCapabilityCentres #GCCLeaders #Leadership #GCCCommunity #GCCNews #GCCTrends #ETGCCWorld"
Thomson Reuters,,2026-03-18T09:16:57.866Z,Gauri Sawant; Kashyap Verma; Harish Maheshwari,linkedin_metadata,https://www.linkedin.com/posts/et-gcc_etgccgrowthsummit-etgccgrowthsummithyd-gcc-activity-7439963045457735681-9w5-,"Compliance is no longer reactive. It’s becoming intelligent.

At the ETGCCWorld Global Capability Centers Growth Summit 2026, Gauri Sawant, Solutions Lead – India, Thomson Reuters, explores how GCCs are evolving from cost centres into intelligence hubs by embedding proactive compliance into their operating models. As regulatory complexity grows, the focus is shifting toward real-time insights, automation, and risk-aware decision-making.

A deep dive into how compliance can move from control to competitive advantage.

Know more: https://lnkd.in/gUa95iQx

#ETGCCGrowthSummit #ETGCCGrowthSummitHYD #GCC #GlobalCapabilityCentres #GCCLeaders #Leadership #GCCCommunity #GCCNews #GCCTrends #ETGCCWorld"
Align Technology,,2026-03-18T09:51:40.908Z,Arun Palivela; Dr. Girish Kapur; Jaideep Agarwal; Ramesh Alluri Reddy; Soumik Ghosh,linkedin_metadata,https://www.linkedin.com/posts/et-gcc_etgccgrowthsummit-etgccgrowthsummithyd-gcc-activity-7439971782369026048-8fWE,"“India may have the jobs. But does it have enough specialists?”

That question anchored one of the most relevant discussions at the ETGCCWorld Global Capability Centers Growth Summit 2026 during the panel “Filing the ‘Expertise Gap’ GCCs have jobs, but does India have enough specialists?”

Featuring:
Arun Palivela, India Director-Head of Innovation Center, Align Technology
Jaideep Agarwal, India Global Business Services Leader, Warner Bros. Discovery
Sudhir Nayar, Head of GBS Finance India, Viatris
Dr. Girish Kapur, Senior Vice President – India Site Operations & Site Head, USP India
Ramesh Alluri Reddy, Managing Director, Allegis Group India
Moderator : Soumik Ghosh, The Economic Times Business Verticals

This conversation went beyond hiring numbers and into a harder truth: scale is no longer enough.

Key insights:

* The real gap is not talent availability alone. It is the mismatch between what businesses need and what the market is ready to deliver, especially in deep-tech and AI-led roles.

* Adaptability is fast becoming the new currency. Technical skills matter, but learning agility, domain depth, and the ability to pivot are what make talent future-ready.

* The era of hiring generalists at scale is giving way to building specialists with sharper, more contextual expertise.

* Reskilling is no longer a nice-to-have. It is survival, especially in a world where skill relevance is shrinking faster than ever.

The bigger takeaway?

The next wave of GCC success will not be defined by headcount. It will be defined by concentrated expertise, sharper capability, and talent that can learn as fast as business changes.

Know more: https://lnkd.in/gUa95iQx

#ETGCCGrowthSummit #ETGCCGrowthSummitHYD #GCC #GlobalCapabilityCentres #GCCLeaders #Leadership #GCCCommunity #GCCNews #GCCTrends #ETGCCWorld"
WaveMaker,,2026-03-18T10:29:35.673Z,Deepak Anupalli; Vijay Pullur; Rohit Gupta; Sriniketh Chakravarthi,linkedin_metadata,https://www.linkedin.com/posts/et-gcc_etgccgrowthsummit-etgccgrowthsummithyd-gcc-activity-7439981323424878592-Ovea,"Deepak Anupalli, Co-founder & CTO, WaveMaker, shares insights at the ET GCC Growth Summit 2026 on how AI is accelerating engineering, transforming business workflows, and simplifying software development through agent-driven processes.

While AI enhances productivity and efficiency, he emphasizes that it acts as an enabler—augmenting developers rather than replacing them, while also highlighting integration with legacy systems as a key challenge ahead.

Stay tuned for more insights from leaders shaping the future of GCCs.

Know more:
https://lnkd.in/gUa95iQx

#ETGCCGrowthSummit #ETGCCGrowthSummitHYD #GCC #GlobalCapabilityCentres #AI #FutureOfWork #Leadership #GCCCommunity #ETGCCWorld"
Verizon,,2026-03-18T08:28:39.385Z,Krystyna Devina Lason; Maneesh Sehagal; Mukul Sharma; Satpreet Chelawat; Surya Thammiraju; Vijayaraman Subramanian,linkedin_metadata,https://www.linkedin.com/posts/et-gcc_etgccgrowthsummit-etgccgrowthsummithyd-gcc-activity-7439950888347262976-Zzw6,"“Transformation isn’t failing. People are just getting tired of it.”

That honest admission defined the conversation at the ETGCCWorld Global Capability Centers Growth Summit 2026, during the panel “Overcoming Transformation Fatigue.”

Featuring:
Vijayaraman Subramanian, VP, Verizon India 
Maneesh Sehagal, CEO, DBS Tech India
Surya Thammiraju, MD and Centre Head, The Hartford India
Mukul Sharma, Senior Client Partner, Publicis Sapient
Satpreet Chelawat, Executive Vice-President & Head, Corporate Salary, Axis Bank
Krystyna Devina Lason, The Economic Times Business Verticals

This isn’t just about change. It’s about constant change.

What stood out:

*Transformation starts with clarity of purpose. If teams don’t understand the “why,” no amount of technology or strategy will drive adoption.

* Big-bang change doesn’t work anymore. The winning approach is breaking transformation into small, achievable wins that build momentum over time.

* The real risk is not resistance, but fatigue. Cognitive overload from continuous change can slow down even the most capable teams.

* Leadership is the multiplier. From role-modelling learning to rewarding adaptability, leaders set the pace for how transformation is experienced on the ground.

One insight stayed.

Transformation is no longer a phase. It’s a permanent state.

And the organizations that win won’t be the ones that change the fastest, but the ones that help their people keep up with change without burning out.

Know more: https://lnkd.in/gUa95iQx

#ETGCCGrowthSummit #ETGCCGrowthSummitHYD #GCC #GlobalCapabilityCentres #GCCLeaders #Leadership #GCCCommunity #GCCNews #GCCTrends #ETGCCWorld"
Allegis Group,,2026-03-18T08:23:04.923Z,Ramesh Alluri Reddy,linkedin_metadata,https://www.linkedin.com/posts/et-gcc_etgccgrowthsummit-etgccgrowthsummithyd-gcc-activity-7439949485511905282-AYPH,"At the ET GCC Growth Summit 2026, Ramesh Alluri Reddy, Managing Director, Allegis Group India, shares how the focus is shifting from technology as a service to technology as a business enabler—driven by skilled talent, continuous upskilling, and real-world application of AI.

With rising demand and a clear talent gap, he highlights the need to build capabilities through training, leveraging adjacent skills, and creating strong employee value propositions to retain top AI talent in a competitive market.

Stay tuned for more insights from industry leaders shaping the future of GCCs.

#ETGCCGrowthSummit #ETGCCGrowthSummitHYD #GCC #GlobalCapabilityCentres #AI #FutureOfWork #Leadership #GCCCommunity #ETGCCWorld"
EPAM Systems,,2026-03-18T08:03:12.901Z,Greg Killian; Hitesh Achra; Nandini Bhatnagar; Raghunandan H,linkedin_metadata,https://www.linkedin.com/posts/et-gcc_etgccgrowthsummit-etgccgrowthsummithyd-gcc-activity-7439944485809135616-pd9_,"“AI is everywhere. But are we actually using it meaningfully?”

That uncomfortable question sat at the heart of the session “AI Adoption at the Crossroads” at the ETGCCWorld Global Capability Centers Growth Summit 2026.

Greg Killian, SVP and Head of Business, Life Sciences & Healthcare, EPAM Systems, didn’t offer a playbook. He offered a reality check.

Key insights:

* AI adoption is widespread, but depth is missing. Many enterprises are experimenting, but very few are integrating AI into core decision-making and operations.

* Bigger is not always better. Some of the most effective AI use cases are emerging from smaller, focused applications that deliver faster, more tangible impact.

* The role of talent is evolving fast. From building systems to orchestrating agents, managing outcomes, and applying judgment where AI cannot.

* The real shift is from artificial intelligence to augmented intelligence, where human decision-making becomes the differentiator.

One example stood out.

Companies reduced massive data complexity into focused, actionable insights, cutting costs, accelerating timelines, and improving outcomes dramatically.

The takeaway?

The next decade won’t be defined by who has AI.

It will be defined by who knows how to use it with clarity, context, and human judgment.

Know more: https://lnkd.in/gUa95iQx

#ETGCCGrowthSummit #ETGCCGrowthSummitHYD #GCC #GlobalCapabilityCentres #GCCLeaders #Leadership #GCCCommunity #GCCNews #GCCTrends #ETGCCWorld"
Seagate Technology,,2026-03-18T08:24:35.056Z,Vivek Upman; Rohit Gupta; Sriniketh Chakravarthi,linkedin_metadata,https://www.linkedin.com/posts/et-gcc_etgccgrowthsummit-etgccgrowthsummithyd-gcc-activity-7439949863557120000-wr6M,"At the ET GCC Growth Summit 2026, Vivek Upman, Enterprise Lead – South Asia, Seagate Technology, shares how data storage is becoming the backbone of AI-driven enterprises—enabling scalability while optimizing space and power consumption.

He highlights how innovations like advanced storage platforms are helping organizations double capacity, reduce data center footprint, and improve infrastructure efficiency—critical as AI continues to accelerate data generation at scale.

Stay tuned for more insights from leaders shaping the future of GCCs.

Know more:
https://lnkd.in/gUa95iQx

#ETGCCGrowthSummit #ETGCCGrowthSummitHYD #GCC #GlobalCapabilityCentres #AI #DataStorage #FutureOfWork #Leadership #GCCCommunity #ETGCCWorld"
Amgen India,,2026-03-18T07:01:11.168Z,Naveen Gullapalli,linkedin_metadata,https://www.linkedin.com/posts/et-gcc_etgccgrowthsummit-etgccgrowthsummithyd-gcc-activity-7439928875729661952-vEal,"At the ETGCCWorld Global Capability Centers Growth Summit 2026, Naveen Gullapalli, Managing Director, Amgen India, highlights how true innovation comes from aligning talent, systems, and technology to create lasting enterprise impact.

Know more: https://lnkd.in/gUa95iQx

#ETGCCGrowthSummit #ETGCCGrowthSummitHYD #GCC #GlobalCapabilityCentres #GCCLeaders #Leadership #GCCCommunity #GCCNews #GCCTrends #ETGCCWorld"
HSBC,,2026-03-18T06:58:54.359Z,Mamatha Madireddy; Naveen Gullapalli; Rajeev Mall; Shantheri Mallaya; Shrirang Raddi,linkedin_metadata,https://www.linkedin.com/posts/et-gcc_etgccgrowthsummit-etgccgrowthsummithyd-gcc-activity-7439928301910970368-dh6Q,"“Sitting in a GCC gives you a vantage point to challenge global processes.”

At the ETGCCWorld Global Capability Centers Growth Summit 2026, Mamatha Madireddy, Managing Director & Head, HSBC India Global Centres India, highlights how GCCs offer a unique lens to identify inconsistencies and drive more effective, globally aligned operating models.

Know more: https://lnkd.in/gUa95iQx

#ETGCCGrowthSummit #ETGCCGrowthSummitHYD #GCC #GlobalCapabilityCentres #GCCLeaders #Leadership #GCCCommunity #GCCNews #GCCTrends #ETGCCWorld"
Goldman Sachs,,2026-03-18T06:27:01.998Z,Gunjan Samtani; Dr. Girish Kapur; Jaideep Agarwal; Mamatha Madireddy; Maneesh Sehagal; Mohit Dhingra; Mohua Sengupta; Nanda K Lakkaraju; Prashant Vijay; Prashanti Bodugum; Rajeev Mall; Ram (Ramaprasad) Subramaniam; Sanjay Kumar Singh; Surya Thammiraju; Vijayaraman Subramanian; Arun Palivela; Arvind Chittora; Avinash Samrit; Chakravarthy Aravapalli; Sandeep Kumar Jain; Surabhi Sharma; Shivaprasanna Hebbar,linkedin_metadata,https://www.linkedin.com/posts/et-gcc_etgccgrowthsummit-etgccgrowthsummithyd-gcc-activity-7439920280887619584-nI0f,"“Growth and risk are rising together…”

At the ETGCCWorld Global Capability Centers Growth Summit 2026, Gunjan Samtani, Co-Chairman of Goldman Sachs in India and Country Head of Goldman Sachs Services India, highlights the balancing act enterprises must master, scaling with agility while staying resilient in an increasingly complex global landscape.

Know more: https://lnkd.in/gUa95iQx

#ETGCCGrowthSummit #ETGCCGrowthSummitHYD #GCC #GlobalCapabilityCentres #GCCLeaders #Leadership #GCCCommunity #GCCNews #GCCTrends #ETGCCWorld"
Costco IT,,2026-03-18T07:00:16.057Z,Rajeev Mall,linkedin_metadata,https://www.linkedin.com/posts/et-gcc_etgccgrowthsummit-etgccgrowthsummithyd-gcc-activity-7439928644577337344-Q8Bd,"“If organizations don’t think tech-first today, they risk becoming irrelevant tomorrow.”

At the ETGCCWorld Global Capability Centers Growth Summit 2026, Rajeev Mall, Vice-President, Costco IT Digital Services & CEO, Costco Wholesale India Private Limited, emphasizes the urgency for enterprises to embed technology at the core of their strategy to stay competitive in a rapidly evolving landscape.

Know more: https://lnkd.in/gUa95iQx

#ETGCCGrowthSummit #ETGCCGrowthSummitHYD #GCC #GlobalCapabilityCentres #GCCLeaders #Leadership #GCCCommunity #GCCNews #GCCTrends #ETGCCWorld"
K Raheja Corp,,2026-03-17T19:40:09.711Z,Sreekanth Reddy,linkedin_metadata,https://www.linkedin.com/posts/et-gcc_etgccgrowthsummit-etgccgrowthsummithyd-gcc-activity-7439757490357125120-Rcur,"Sreekanth Reddy , Senior Vice-President & Head – Leasing (South), Mindspace REIT (K Raheja Corp), brings deep expertise across transaction management, corporate real estate, and asset optimisation. With a strong track record in lease strategy, negotiations, and revenue growth, his work sits at the intersection of infrastructure and enterprise expansion.

At the ETGCCWorld Global Capability Centers Growth Summit 2026, his perspective adds to the conversation on how physical ecosystems enable the next phase of GCC growth.

Express interest: https://lnkd.in/gUa95iQx

#ETGCCGrowthSummit #ETGCCGrowthSummitHYD #GCC #GlobalCapabilityCentres #GCCLeaders #Leadership #GCCCommunity #GCCNews #GCCTrends #ETGCCWorld"
Accenture in India,,2026-03-18T05:08:27.939Z,Arundhati Chakraborty; Saurabh Kumar; Saurabh Kumar Sahu; Paul Jeruchimowitz; Accenture,linkedin_metadata,https://www.linkedin.com/posts/et-gcc_etgccgrowthsummit-etgccgrowthsummithyd-gcc-activity-7439900508691075073-aXkd,"“AI alone will not make you successful.”

That single line cut through the noise and reframed how we think about enterprise reinvention.

At the ETGCCWorld GCC Growth Summit, Arundhati Chakraborty, Finance Reinvention Partner & Global Capability Centers (GCC) Lead, Accenture in India, in conversation with Saurabh Kumar, brought a sharp perspective on what’s truly driving transformation today.

• GCCs are evolving beyond execution engines to become the strategic core of enterprises, directly influencing outcomes and business direction.

• India is fast becoming the epicentre of AI talent, but the real strength lies in combining AI skills with deep functional and industry expertise.

• Reinvention does not begin with technology. It begins with outcomes like customer experience, profitability, and retention, then works backward into processes and systems.

• AI is powerful, but not enough on its own. Without strong data, process discipline, and contextual understanding, it cannot deliver real impact.

The real shift is not about adopting AI. It is about orchestrating it with the right talent, context, and intent.

Because the future of enterprise will not be built by technology alone, but by those who know how to apply it meaningfully.

Know more: https://lnkd.in/gUa95iQx

#ETGCCGrowthSummit #ETGCCGrowthSummitHYD #GCC #GlobalCapabilityCentres #GCCLeaders #Leadership #GCCCommunity #GCCNews #GCCTrends #ETGCCWorld"
ServiceNow,Hyderabad,2025-08-06T05:55:46.868Z,Bharat Ram Kumar Nutakki; Ganesh Lakshminarayanan; Mahanth Mallikarjuna; Siddiq Zaman; Sudhakar Pennam,linkedin_metadata,https://www.linkedin.com/posts/gcc-marketwatch_mergen-servicenow-centerofexcellence-activity-7358737534127890432-XJo1,"MERGEN has launched its largest $1M ServiceNow Center of Excellence (CoE) in Hyderabad, aiming to double its AI and workflow automation talent by 2026. The new 150-seat facility will accelerate project delivery, expand into new industry verticals, and boost enterprise digital transformation with low-code and AIOps capabilities.
#MERGEN #ServiceNow #CenterOfExcellence #Hyderabad #AI #Automation #DigitalTransformation #NowPlatform #Talent #TechIndia

Siddiq Zaman Mahanth Mallikarjuna Ganesh Lakshminarayanan Sudhakar Pennam Bharat Ram Kumar Nutakki"
Snowflake,Hyderabad,2026-03-17T15:02:51.850Z,Rohit Gupta; Sriniketh Chakravarthi,ollama_qwen,https://www.linkedin.com/posts/et-gcc_etgccgrowthsummit-etgccgrowthsummithyd-gcc-activity-7439687706110140416-slC_,"Powering the data-driven enterprise.

Snowflake comes on board as a Powered By Partner for the ETGCCWorld Global Capability Centers Growth Summit 2026, bringing its strength in cloud data, AI, and scalable analytics. As GCCs take on greater responsibility in delivering insights and accelerating innovation, unified and secure data platforms are becoming central to global operations.

The stage in Hyderabad will spotlight how modern data ecosystems are enabling smarter, faster, and more connected enterprises.

Express your interest: https://lnkd.in/gUa95iQx

#ETGCCGrowthSummit #ETGCCGrowthSummitHYD #GCC #GlobalCapabilityCentres #GCCLeaders #Leadership #GCCCommunity #GCCNews #GCCTrends #ETGCCWorld"
"IT BT Department, Karnataka",,2026-03-17T12:00:10.010Z,Brijesh Chawla; Harshith Bhat,linkedin_metadata,https://www.linkedin.com/posts/et-gcc_etgccgrowthsummit-etgccgrowthsummithyd-gcc-activity-7439641728820805632-sx2g,"The Department of Electronics, IT & Biotechnology, Government of Karnataka, along with Katalyst, joins the ETGCCWorld Global Capability Centers Growth Summit 2026 as Supporting Partners, reinforcing the dialogue around innovation, digital transformation, and the expanding role of GCCs in shaping the global enterprise landscape.

Their support reflects a shared vision of fostering collaboration, enabling technology-driven growth, and building a strong ecosystem for the next generation of global capability centers.

Express your interest:
https://lnkd.in/gUa95iQx

Brijesh Chawla | Harshith Bhat | IT BT Department, Karnataka
#ETGCCGrowthSummit #ETGCCGrowthSummitHYD #GCC #GlobalCapabilityCentres #GCCLeaders #Leadership #GCCCommunity #GCCNews #GCCTrends #ETGCCWorld"
Assent,Pune,2025-07-04T11:11:57.635Z,Manoj Patil,linkedin_metadata,https://www.linkedin.com/posts/gcc-marketwatch_assent-pune-innovationcenter-activity-7346858303726964736-vAAR,"Assent a global leader in supply chain sustainability management, has launched its Innovation & Technology Center in Pune, India, to drive AI-powered solutions for sustainable and resilient supply chains. Led by Manoj Patil, the center will focus on product innovation, advanced analytics, and ethical sourcing, while collaborating in real time with global teams to accelerate platform delivery and support manufacturers in navigating regulatory complexities. This expansion underscores Assent’s commitment to purposeful innovation, transparency, and building a high-performing, inclusive workplace aligned with global sustainability goals.
#Assent #Pune #InnovationCenter #SupplyChain #Sustainability #AI #GCC #GlobalExpansion"
Left Right Mind,,2026-03-17T15:47:10.348Z,,ollama_qwen,https://www.linkedin.com/posts/et-gcc_etgccgrowthsummit-etgccgrowthsummithyd-gcc-activity-7439698856659017728-AM_F,"Where strategy meets execution, innovation finds direction.

Left Right Mind comes on board as a Supporting Partner for the ETGCCWorld Global Capability Centers Growth Summit 2026, contributing to conversations that shape sharper thinking, stronger decision-making, and future-ready enterprises. As GCCs evolve into strategic enablers, such collaborations play a key role in driving meaningful impact.

Express interest: https://lnkd.in/gUa95iQx

#ETGCCGrowthSummit #ETGCCGrowthSummitHYD #GCC #GlobalCapabilityCentres #GCCLeaders #Leadership #GCCCommunity #GCCNews #GCCTrends #ETGCCWorld"
SHI International Corp.,Hyderabad,2026-03-17T09:00:07.886Z,,ollama_qwen,https://www.linkedin.com/posts/et-gcc_etgccgrowthsummit-etgccgrowthsummithyd-gcc-activity-7439596421428768769-YF2f,"We’re glad to have SHI International Corp. as the Co-Associate Partner for the ETGCCWorld Global Capability Centers Growth Summit 2026. As enterprises continue to expand their global capability centres, collaboration with technology and solutions partners plays a vital role in accelerating innovation, operational efficiency, and enterprise transformation.

Join the conversation in Hyderabad.

Express interest: https://lnkd.in/gUa95iQx

#ETGCCGrowthSummit #ETGCCGrowthSummitHYD #GCC #GlobalCapabilityCentres #GCCLeaders #Leadership #GCCCommunity #GCCNews #GCCTrends #ETGCCWorld"
Fortune India,,2025-07-01T11:05:29.471Z,CA Charanjot Singh Nanda; Mahaveer Singhvi; Urvashi Mishra,linkedin_metadata,https://www.linkedin.com/posts/gcc-marketwatch_gcc-indiagrowth-businessinnovation-activity-7345769512052371457-FVt1,"India’s GCCs are set to drive a $100 billion boom by 2030, transforming the nation into a powerhouse of strategic services and innovation. With over 1,700 GCCs already supporting 1,000+ global enterprises and employing nearly 2 million professionals, India is rapidly moving beyond traditional back-office roles. Today, GCCs are at the forefront of risk management, cybersecurity, AI-enabled finance, ESG reporting, and digital tax advisory. The sector is expected to double in value and create millions of new jobs, solidifying India’s position as the world’s leading hub for global business capabilities and analytics.
#GCC #IndiaGrowth #BusinessInnovation #DigitalTransformation #AI #Cybersecurity #ESG #Finance #GlobalBusiness 

Read more, link in comments.

Urvashi Mishra Fortune India Mahaveer Singhvi CA Charanjot Singh Nanda"
Agilent Technologies,Hyderabad,2025-08-04T10:53:35.781Z,Padraig McDonnell; Sridhar Babu Duddilla,linkedin_metadata,https://www.linkedin.com/posts/gcc-marketwatch_biopharma-hyderabad-lifesciences-activity-7358087706049994754-S75P,"Agilent Technologies has inaugurated its new Biopharma Experience Centre in Hyderabad, marking a major investment in India’s life sciences ecosystem. The state-of-the-art facility brings together advanced laboratory solutions, hands-on training, and regulatory-ready workflows to accelerate drug development, empower researchers, and support “Make-in-India” innovation. This experience center will be a hub for collaboration, helping develop high-quality, life-saving medicines faster and strengthening Hyderabad’s position as a global leader in biopharma.
#Biopharma #Hyderabad #LifeSciences #PharmaInnovation #DrugDevelopment #Healthcare #MakeInIndia #Research #IndiaBiotech

Sridhar Babu Duddilla Padraig McDonnell"
Daikin Comfort,Gurgaon,2025-07-23T07:12:14.573Z,,ollama_qwen,https://www.linkedin.com/posts/gcc-marketwatch_daikin-gcc-indiagrowth-activity-7353683346238980097-HOFV,"Daikin, in partnership with EY, has launched the Daikin Innovation and Services Hub in Gurgaon, marking a significant step towards making India a centerpiece of its global strategy. The facility, set to employ nearly 700 professionals, aims to build advanced capabilities and serve as a precursor to a larger global GCC for the company. This move reflects a strategic shift from cost-reduction to innovation, leveraging India’s world-class talent pool as a core driver for Daikin’s global business. 
#Daikin #GCC #IndiaGrowth #InnovationHub #EY #BusinessTransformation #GlobalExpansion #Gurgaon #TalentHub #Manufacturing #ExportHub

Daikin Comfort EY"
Medtronic,Hyderabad,2025-06-17T05:24:46.401Z,Jennifer Larson; Sridhar Babu Duddilla,linkedin_metadata,https://www.linkedin.com/posts/gcc-marketwatch_medtronic-hyderabad-globalitcentre-activity-7340610337483755520-1lXh,"US-based medical technology leader Medtronic has further strengthened its footprint in Hyderabad by inaugurating its first large-scale Global IT Centre (GIT) outside the United States. With a $60 million investment over the next three to five years, the new centre will create 300 high-skilled jobs and focus on cutting-edge technologies such as cloud engineering, data platforms, digital health applications, hyper-automation, and AI/ML.
#Medtronic #Hyderabad #GlobalITCentre #HealthcareInnovation #DigitalHealth #AI #CloudEngineering #TechInHealthcare #IndiaGrowth #LifeSciences

Read more, link in comments.

The Hindu Sridhar Babu Duddilla Jennifer Larson"
"Eisai Co., Ltd.",,2025-07-10T06:58:03.099Z,Dr Arun Kumar Manoharan; Mathukumilli Sribharat,linkedin_metadata,https://www.linkedin.com/posts/gcc-marketwatch_eisaipharma-visakhapatnam-gcc-activity-7348968732645294081-og_2,"Eisai Pharmaceuticals, a leading Japanese healthcare company, is establishing a new Global Capability Center (GCC) in Visakhapatnam, Andhra Pradesh. This strategic move will accelerate Eisai’s digital transformation and innovation footprint in India, with a focus on advanced pharmaceutical research, digital healthcare, and industry-academia collaboration. Supported by the Andhra Pradesh government and local institutions, the GCC aims to drive cutting-edge healthcare solutions, boost local talent, and reinforce Vizag’s emergence as a global pharma and technology hub.
#EisaiPharma #Visakhapatnam #GCC #PharmaInnovation 
#DigitalHealthcare #JapanIndia #LifeSciences #TechForGood 
#AndhraPradesh #GlobalExpansion

Read more on this, link in comments.

Eisai Co., Ltd. Mathukumilli Sribharat The Times Of India Dr Arun Kumar"
Hindustan Times,,2025-07-15T05:18:18.536Z,Rajeev Jayaswal,linkedin_metadata,https://www.linkedin.com/posts/gcc-marketwatch_gcc-indiagrowth-globalcapabilitycenter-activity-7350755570896822272-qtkA,"Finance Minister Nirmala Sitharaman has announced that India’s booming GCCs sector could add up to $200 billion to the country’s economy by 2030, nearly tripling its current contribution of $68 billion. Fueled by India’s vast, cost-effective talent pool, GCCs are expected to witness major growth, with one new center being established every week in 2024. Already, 50% of Fortune 500 companies have set up GCCs in India.
#GCC #IndiaGrowth #GlobalCapabilityCenter #Innovation #TechLeadership #FutureofWork #EconomicGrowth #TalentHub #MakeInIndia

Hindustan Times Rajeev Jayaswal"
Ferguson,Bengaluru,2025-06-24T13:31:31.705Z,Arvind Rathore; Lalit Ahuja,linkedin_metadata,https://www.linkedin.com/posts/gcc-marketwatch_ferguson-globalcapabilitycenter-gcc-activity-7343269548466343937-OS4P,"Ferguson has launched its GCC in Bengaluru, powered by ANSR, marking a major milestone in its digital transformation journey. This new center will drive technology innovation and operational efficiency, supporting Ferguson’s $340B North American construction market business. The Bengaluru GCC will focus on advanced areas such as software engineering, AI, ERP, CRM, data science, analytics, and network operations. It represents a strategic investment to build a future-ready organization by leveraging Bengaluru’s technology leadership and talent pool. With over 50 associates already onboard, the center is set to expand and play a critical role in Ferguson’s global technology roadmap and customer experience enhancement.
#Ferguson #GlobalCapabilityCenter #GCC #ANSR #Bengaluru #DigitalTransformation #Innovation #Technology 

Read more, link in comments.

Business Standard Lalit Ahuja Arvind Rathore ANSR"
SAP,,2025-08-05T11:19:21.083Z,Priyank M Kharge,linkedin_metadata,https://www.linkedin.com/posts/gcc-marketwatch_karnataka-centerofexcellence-innovation-activity-7358456575381979136-r59U,"Karnataka marks a major milestone in its innovation journey as SAP inaugurates its sprawling 41-acre Center of Excellence in Devanahalli. With capacity for 15,000 professionals, this net-zero, water-positive, and carbon-neutral campus sets new benchmarks for sustainable innovation. The launch, attended by CM Shri Siddaramaiah and IT & BT Minister Shri Priyank M Kharge, showcases Karnataka’s role as India’s innovation powerhouse and SAP’s commitment to empowering the state’s tech ecosystem.
#Karnataka #CenterOfExcellence #Innovation #Sustainability #TechLeadership #BeyondBengaluru #SmartGrowth #DigitalIndia #GreenCampus #Talent #InclusiveGrowth"
The HEINEKEN Company,Hyderabad,2025-07-02T09:58:07.533Z,Vineeth Suresh,linkedin_metadata,https://www.linkedin.com/posts/gcc-marketwatch_heineken-leadership-gcc-activity-7346114946801250304-crXu,"Heineken has appointed Vineeth Suresh as the Head of its India GCC in Hyderabad, marking a significant step in the company’s strategy to position India as a global delivery and transformation hub. Vineeth brings deep expertise from his leadership roles at KPMG, Diageo, and Tesco, and is recognized for building and scaling large-scale service operations across multiple sectors. His appointment underscores Heineken’s commitment to leveraging India’s talent and innovation ecosystem to drive its EVERGREEN strategy, integrating the Hyderabad GCC into its global network to deliver essential services and transformative capabilities for Heineken’s worldwide operations.
#Heineken #Leadership #GCC #Hyderabad #GlobalBusiness #Transformation #BusinessServices #StrategicHub #IndiaLeadership #EvergreenStrategy

The HEINEKEN Company People Matters"
Toyo Engineering Corporation,Bengaluru,2025-06-16T11:30:35.566Z,,ollama_qwen,https://www.linkedin.com/posts/gcc-marketwatch_toyoengineering-modec-gcc-activity-7340340011088678912-AkG_,"Toyo Engineering Corporation and MODEC have inaugurated their GCC in Bengaluru’s Godrej Centre, Indiranagar. Spanning 100,000 sq ft, this state-of-the-art facility will drive front-end engineering design (FEED), procurement, and execution for Floating Production Storage and Offloading (FPSO) projects. Starting with 200 professionals and aiming to grow to 750 employees in three years, the GCC strengthens operational support and offshore project delivery, marking a new chapter in Japan-India collaboration and showcasing Bengaluru’s leadership in digital engineering and innovation.
#ToyoEngineering #MODEC #GCC #Bengaluru #FPSO #EngineeringInnovation #JapanIndia #DigitalTransformation #OilAndGas #GlobalCollaboration

Read more, link in comments.

The Economic Times"
Mindspace Business Parks,,2026-03-17T08:00:11.729Z,Rohit Gupta; Sriniketh Chakravarthi,ollama_qwen,https://www.linkedin.com/posts/et-gcc_etgccgrowthsummit-etgccgrowthsummithyd-gcc-activity-7439581338053017600-M4kB,"Mindspace Business Parks partners with the ETGCCWorld Global Capability Centers Growth Summit 2026 as an Associate Partner, contributing to the dialogue on how world-class infrastructure and innovation-driven workplaces enable GCCs to scale, collaborate, and drive enterprise transformation.

Express interest: https://lnkd.in/gUa95iQx

#ETGCCGrowthSummit #ETGCCGrowthSummitHYD #GCC #GlobalCapabilityCentres #GCCLeaders"
Thomson Reuters India,,2026-03-17T14:54:33.615Z,Rohit Gupta; Sriniketh Chakravarthi; Gauri Sawant,ollama_qwen,https://www.linkedin.com/posts/et-gcc_etgccgrowthsummit-etgccgrowthsummithyd-gcc-activity-7439685616361025536-Gblt,"Trusted intelligence. Global impact.

As the Silver Partner for the ETGCCWorld Global Capability Centers Growth Summit 2026, Thomson Reuters India brings deep expertise in data, risk, compliance, and technology-driven insight. In an era where GCCs are enabling smarter decision-making and strengthening governance frameworks, access to reliable information becomes a strategic advantage.

Together, the dialogue will spotlight how knowledge-led ecosystems power resilient and future-ready global operations.

Express your interest: https://lnkd.in/gUa95iQx

#ETGCCGrowthSummit #ETGCCGrowthSummitHYD #GCC #GlobalCapabilityCentres #GCCLeaders #Leadership #GCCCommunity #GCCNews #GCCTrends #ETGCCWorld"
Best Buy,Bengaluru,2025-08-11T06:16:17.791Z,,ollama_qwen,https://www.linkedin.com/posts/gcc-marketwatch_techhub-india-gcc-activity-7360554636321128448-H3SF,"Best Buy is scaling up its Bengaluru tech hub workforce by over 40%, taking headcount from 350 to ~500 as global operations surge. The expansion centers on digital, AI, and product roles, making India home to Best Buy’s largest global tech hub and a powerhouse for innovation and enterprise growth.
#TechHub #India #GCC #AI #DigitalTransformation #Bengaluru #TechTalent #GlobalExpansion #Innovation #WorkforceGrowth"
Arch Capital Group Ltd.,Hyderabad,2025-08-01T10:28:32.480Z,Rohit Gupta; Sriniketh Chakravarthi,ollama_qwen,https://www.linkedin.com/posts/gcc-marketwatch_globalexpansion-gcc-india-activity-7356994237151801345-vuUU,"Arch Capital Group Ltd. Group is expanding its global footprint by opening GCCs in Trivandrum, Pune, and soon Hyderabad, India. These new centers will strengthen Arch’s operations and leverage India’s exceptional talent pool in analytics, technology, and operations. This move is supported by Arch’s partnership with ANSR, which is helping set up and scale Arch’s presence in the country.
#GlobalExpansion #GCC #India #Trivandrum #Pune #Hyderabad #Analytics #Technology #Operations #Talent #BusinessGrowth"
TeamLease Digital,Hyderabad,2025-07-31T09:18:36.068Z,Neeti Sharma; Ákos Magyari,linkedin_metadata,https://www.linkedin.com/posts/gcc-marketwatch_heineken-gcc-hyderabad-activity-7356614248258592768-2qOr,"Heineken has launched its first Asia-Pacific Global Capability Center (GCC) in Hyderabad, marking a milestone for both the brewing giant and the city’s thriving business landscape. The new center, supported by TeamLease Digital, will drive innovation across finance, HR, and emerging technologies like AI. This expansion cements Hyderabad’s reputation as a premier global hub for enterprise transformation and digital excellence, and demonstrates Heineken’s long-term commitment to the Indian market.
#Heineken #GCC #Hyderabad #AsiaPacific #TechInnovation #DigitalTransformation #BusinessExcellence #TalentHub #EnterpriseLeadership #GlobalBusiness

Ákos Magyari Neeti Sharma The HEINEKEN Company"
Bangalore International Airport Ltd,Bengaluru,2025-06-18T07:23:00.316Z,Bhaskar Anand Rao; Dr. Ekroop Caur; Hari Marar; Lalit Ahuja,linkedin_metadata,https://www.linkedin.com/posts/gcc-marketwatch_blrairport-bacl-district1-activity-7341002479385374720-Yfqc,"Karnataka, Bengaluru Airport City Ltd. (BACL), and ANSR have launched the pioneering District I Global Innovation Hub at Bengaluru’s Kempegowda International Airport City. This state-of-the-art hub is set to transform India’s innovation landscape by bringing together over 16,000 start-ups, 550+ Global Capability Centers (GCCs), academia, and public infrastructure on a single, seamless platform, aiming to house 50% of India’s unicorns.
#BLRAirport #BACL #District1 #Karnatakatech #BusinessPark

Bangalore International Airport Ltd Hari Marar Dr. Ekroop Caur Bhaskar Anand Rao Lalit Ahuja ANSR Government of Karnataka businessline"
nasscom,,2025-07-25T06:21:40.031Z,Debjani Ghosh,linkedin_metadata,https://www.linkedin.com/posts/gcc-marketwatch_gcc-indiagrowth-innovationhub-activity-7354395394178527232-sbVX,"India is set to reach a new milestone in the GCC landscape, with projections pointing to 1,900 GCCs by 2030 employing nearly 3 million professionals. This remarkable growth highlights India’s expanding role as a global innovation powerhouse, attracting top enterprises and fostering cutting-edge talent and technology transformation across diverse sectors.
#GCC #IndiaGrowth #InnovationHub #DigitalTransformation #TechLeadership #BusinessExcellence #GlobalTalent #FutureofWork

Read more on this, link in the captions.

nasscom Debjani Ghosh People Matters"
DAZN,Hyderabad,2025-07-20T14:59:48.814Z,Sandeep Tiku; Sridhar Babu Duddilla,linkedin_metadata,https://www.linkedin.com/posts/gcc-marketwatch_dazn-sportstech-gcc-activity-7352713850657341440-3ZrK,"DAZN, the world’s leading sports streaming platform, has launched India’s first dedicated sports-tech GCC in Hyderabad. This new hub is set to become DAZN’s largest global technology center, aiming to create 3,000 jobs by the end of 2026. The center will drive innovation in advanced sports technology, real-time analytics, and artificial intelligence, working closely with academic institutions to foster talent and research in Telangana. With a ₹500 crore investment planned over the next three years, DAZN’s expansion highlights Hyderabad’s emergence as a global GCC powerhouse and a magnet for world-class tech talent and infrastructure.
#DAZN #SportsTech #GCC #Hyderabad #Innovation #AI #DigitalTransformation #TechLeadership #JobCreation #IndiaGrowth

Sridhar Babu Duddilla Sandeep Tiku"
businessline,,2025-07-17T10:09:46.111Z,,ollama_qwen,https://www.linkedin.com/posts/gcc-marketwatch_gcc-indiagrowth-innovationhub-activity-7351553694833758209-Dsdd,"India has solidified its status as a global innovation hub, with the latest ANSR report revealing that 174 of the Fortune Global 500 companies have established their GCCs in the country as of June 2025. Employing over 950,000 professionals, these GCCs are reshaping business transformation by driving AI innovation, building global digital platforms, and creating IP for multinational giants like Walmart, Amazon, and JP Morgan. 
#GCC #IndiaGrowth #InnovationHub #DigitalTransformation #TechLeadership #Fortune500 #ANSR #BusinessExcellence #GlobalTalent #FutureofWork

businessline ANSR"
Rakuten India,Bengaluru,2025-07-15T13:34:50.582Z,Sunil Gopinath; Tsubasa (Tsuby) SHIRAISHI,linkedin_metadata,https://www.linkedin.com/posts/gcc-marketwatch_rakutenindia-leadership-techleadership-activity-7350880527794556929-o_YB,"Tsubasa (Tsuby) SHIRAISHI has been appointed as the new CEO of Rakuten India, effective August 5, 2025, succeeding Sunil Gopinath. With nearly 20 years of international experience and a strong track record as Vice Chairman and IT Strategy GM, Shiraishi will drive Rakuten India’s next phase of innovation and global tech integration. The move underscores Rakuten’s commitment to accelerating digital transformation and strengthening cross-border collaboration from its Bengaluru technology hub.
#RakutenIndia #Leadership #TechLeadership #Innovation #DigitalTransformation #GCC #Bengaluru #JapanIndia #GlobalTech"
First Citizens Bank,Bengaluru,2025-06-10T07:39:37.391Z,Jeff Ward; Satya Prakash Ranjan,linkedin_metadata,https://www.linkedin.com/posts/gcc-marketwatch_firstcitizens-bengaluru-gcc-activity-7338107558496215041-LvqI,"First Citizens Bank has expanded its India presence with a new Global Capability Centre in Bengaluru, strengthening its commitment to technology, operations, and digital transformation. The centre will drive innovation across core functions like finance, cybersecurity, and risk management, leveraging Bengaluru’s rich talent pool to support the bank’s global growth and client-focused strategy.
#FirstCitizens #Bengaluru #GCC #DigitalTransformation #BankingInnovation #Fintech #IndiaTech #GlobalExpansion

Read more on this, link in comments.

TechCircle Jeff Ward Satya Prakash Ranjan"
Google,Hyderabad,2025-06-19T11:07:30.614Z,Preeti Lobana; Shraddha Goled,linkedin_metadata,https://www.linkedin.com/posts/gcc-marketwatch_google-gsec-hyderabad-activity-7341421365775716353--WIz,"Google has launched its first Safety Engineering Center (GSEC) in Hyderabad, marking a major milestone for cybersecurity and AI innovation in the Asia-Pacific region. As Google’s fourth GSEC globally, this state-of-the-art hub will develop advanced safety solutions tailored for India and APAC, strengthen cybersecurity for governments and enterprises, and lead responsible AI initiatives. The center will leverage cutting-edge AI, including real-time scam alerts, fraud detection, and watermarking of AI-generated content, while collaborating with policymakers, academic partners, and the broader ecosystem to address India’s unique digital challenges and foster high-skill job creation.
#Google #GSEC #Hyderabad #Cybersecurity #GCC #DigitalSafety #IndiaTech #ResponsibleAI #TechForGood #APAC #DigitalIndia

Read more, link in comments.

Preeti Lobana TechCircle Shraddha Goled"
American Airlines,Hyderabad,2025-06-23T07:20:54.605Z,Chandra Vijjhala; Hari Krishna Verma Nadimpalli; Rachel Dammala,linkedin_metadata,https://www.linkedin.com/posts/gcc-marketwatch_hyderabad-gcc-techhub-activity-7342813891443286016-wCj8,"Hyderabad has cemented its position as India’s top destination for GCCs, now hosting over 350 global centres and employing more than 300,000 professionals across diverse sectors like aviation, finance, retail, and healthcare. The city’s share of GCCs in India has surged from 14% to 19% in just five years, reflecting its rapid growth as a technology and business powerhouse. Major global players like American Airlines and Inspire Brands are choosing Hyderabad for their innovation and digital hubs, leveraging the city’s strong talent pool and supportive ecosystem to drive global operations and strategic transformation.
#Hyderabad #GCC #TechHub #BusinessOperations #Innovation #DigitalTransformation #GlobalBusiness #HyderabadGrowth #IndiaTech #FutureOfWork

Chandra Vijjhala Hari Krishna Verma Nadimpalli Rachel Dammala Deccan Chronicle Holdings ltd"
Mahindra Electric Origin SUVs,,2026-03-17T06:45:05.006Z,,ollama_qwen,https://www.linkedin.com/posts/et-gcc_etgccgrowthsummit-etgccgrowthsummithyd-gcc-activity-7439562435486887936-DVR0,"Mahindra Electric Origin SUVs joins the ETGCCWorld Global Capability Centers Growth Summit 2026 as the Green Automobile Partner, highlighting the growing intersection of sustainable mobility, technology, and innovation. As enterprises and GCCs accelerate toward smarter and greener ecosystems, collaborations like these help shape a more sustainable and future-ready world.

Register now: https://lnkd.in/gUa95iQx

#ETGCCGrowthSummit #ETGCCGrowthSummitHYD #GCC #GlobalCapabilityCentres #GCCLeaders #Leadership #GCCCommunity #GCCNews #GCCTrends #ETGCCWorld"
"Vijay Chandramohan, GM Leasing, GAR, joins the ETGCCWorld Global Capability Centers Growth Summit 2026 as a Partner Speaker. With over two decades of experience spanning technology, global delivery, and corporate real estate, he",,2026-03-17T05:11:27.811Z,Vijay Chandramohan,linkedin_metadata,https://www.linkedin.com/posts/et-gcc_etgccgrowthsummit-etgccgrowthsummithyd-gcc-activity-7439538875263328256-Dtxi,"Vijay Chandramohan, GM Leasing, GAR, joins the ETGCCWorld Global Capability Centers Growth Summit 2026 as a Partner Speaker. With over two decades of experience spanning technology, global delivery, and corporate real estate, he has led large-scale transformation initiatives and managed global programs across the US, UK, and APAC.

Express interest: https://lnkd.in/gUa95iQx

#ETGCCGrowthSummit #ETGCCGrowthSummitHYD #GCC #GlobalCapabilityCentres #GCCLeaders #Leadership #GCCCommunity #GCCNews #GCCTrends #ETGCCWorld"
ITIL,Hyderabad,2026-03-16T14:00:22.130Z,,ollama_qwen,https://www.linkedin.com/posts/et-gcc_etgccgrowthsummit-etgccgrowthsummithyd-gcc-activity-7439309590779015168-Qs1w,"Where innovation meets capability.

ITIL joins the ETGCCWorld Global Capability Centers Growth Summit 2026 as a Gold Partner, bringing its expertise in enabling enterprises with technology-driven solutions and digital transformation. As GCCs continue to evolve into strategic hubs for innovation and operational excellence, partners like ITIL play a key role in shaping the next wave of globally connected capabilities.

Be part of the dialogue in Hyderabad.

Express your interest: https://lnkd.in/gUa95iQx

#ETGCCGrowthSummit #ETGCCGrowthSummitHYD #GCC #GlobalCapabilityCentres #GCCLeaders #Leadership #GCCCommunity #GCCNews #GCCTrends #ETGCCWorld"
"We are honoured to welcome Honourable Shri Sridhar Babu Duddilla, Minister of Information Technology, Electronics, Communications, Industries & Legislative Affairs, Government of Telangana, as the Chief Guest at the ETGCCWorld Global Capability Centers Growth Summit 2026.

A strong advocate of innovation-led growth and digital transformation, Shri D. Sridhar Babu",Hyderabad,2026-03-16T11:49:34.091Z,Sridhar Babu Duddilla,linkedin_metadata,https://www.linkedin.com/posts/et-gcc_etgccgrowthsummit-etgccgrowthsummithyd-gcc-activity-7439276673717444608--DfF,"We are honoured to welcome Honourable Shri Sridhar Babu Duddilla, Minister of Information Technology, Electronics, Communications, Industries & Legislative Affairs, Government of Telangana, as the Chief Guest at the ETGCCWorld Global Capability Centers Growth Summit 2026.

A strong advocate of innovation-led growth and digital transformation, Shri D. Sridhar Babu has been instrumental in strengthening Telangana’s position as a global hub for technology and Global Capability Centers. His leadership continues to shape policies that enable enterprises to scale, innovate, and collaborate within the state’s thriving tech ecosystem.

Join us in Hyderabad as government and industry leaders come together to shape the next phase of GCC growth.

Register now: https://lnkd.in/gUa95iQx

#ETGCCGrowthSummit #ETGCCGrowthSummitHYD #GCC #GlobalCapabilityCentres #GCCLeaders #Leadership #GCCCommunity #GCCNews"
"There was a time when the success of a GCC was measured by how efficiently it executed work sent from HQ. 

That model",Hyderabad,2026-03-16T08:35:07.894Z,,ollama_qwen,https://www.linkedin.com/posts/et-gcc_etgccgrowthsummit-etgccgrowthsummithyd-gcc-activity-7439227742140735488-TXS6,"There was a time when the success of a GCC was measured by how efficiently it executed work sent from HQ. 

That model is fading.

Today many of India’s 2,000+ GCCs are being asked tougher questions:

Can you own global products? Can you build AI capability? Can you influence strategy?

This Wednesday, the leaders answering those questions will gather at ETGCCWorld GCC Growth Summit in Hyderabad to exchange notes and challenge how the next phase of growth will unfold.

Register now: https://lnkd.in/gUa95iQx

#ETGCCGrowthSummit #ETGCCGrowthSummitHYD #GCC #GlobalCapabilityCentres #GCCLeaders #Leadership #GCCCommunity #GCCNews #GCCTrends #ETGCCWorld"
TEKsystems,Hyderabad,2026-03-14T05:00:03.473Z,Rohit Gupta; Sriniketh Chakravarthi; Amit Bhagat; Dinesh Mani; Ramesh Alluri Reddy; Shashank A; Vimal Karanth Airody,ollama_qwen,https://www.linkedin.com/posts/et-gcc_etgccgrowthsummit-etgccgrowthsummithyd-gcc-activity-7438448841345040385-6Jud,"Change begins with the right partners.

TEKsystems joins the ETGCCWorld Global Capability Centers Growth Summit 2026 as an Associate Partner, bringing its expertise in talent solutions, technology services, and workforce transformation. As GCCs continue to scale their global impact, enabling the right skills and capabilities becomes key to sustaining innovation and enterprise growth.

Join us in Hyderabad as leaders explore how globally integrated capability centres are shaping the future of work.

Express interest: https://lnkd.in/gUa95iQx

#ETGCCGrowthSummit #ETGCCGrowthSummitHYD #GCC #GlobalCapabilityCentres #GCCLeaders #Leadership #GCCCommunity #GCCNews #GCCTrends #ETGCCWorld"
Fluence,,2026-03-14T05:10:54.504Z,Roman Loosen,linkedin_metadata,https://www.linkedin.com/posts/et-gcc_gcc-globalcapabilitycentres-gccindia-activity-7438451571967000576-bEmg,"“It’s very important that we treat AI innovation and initiatives similar to any other engineering activity. It cannot be treated as a side project. It needs to be governed with the same rigor as core engineering,” said Roman Loosen of Fluence. 

The emergence of AI governance roles also reflects the fact that traditional IT control frameworks do not fully address the risks introduced by machine learning systems.

For many multinational companies, GCCs in India are increasingly becoming the operational backbone of such governance frameworks.

Read more in our weekly newsletter 👇 
https://lnkd.in/gzYFN7_f

#GCC #GlobalCapabilityCentres #GCCIndia #GCCLeaders #GCCCommunity #GCCNews #AI #News #Trends #IndustryTrends #Security #AIGovernance #ETGCCWorld"
Viatris,,2026-03-12T11:09:08.984Z,Sudhirr Nayar (he; him),linkedin_metadata,https://www.linkedin.com/posts/et-gcc_etgccgrowthsummit-etgccgrowthsummithyd-gcc-activity-7437816950619271170-8kTY,"Welcoming Sudhirr Nayar (he/him), Head, GBS Finance, Viatris India, as an esteemed speaker at the ETGCCWorld Global Capability Centers Growth Summit 2026. 

With two decades of experience in global service delivery, he brings deep expertise in shared services, process optimization, and finance transformation.

Register Now: https://lnkd.in/gUa95iQx

#ETGCCGrowthSummit #ETGCCGrowthSummitHYD #GCC #GlobalCapabilityCentres #GCCLeaders #Leadership #GCCCommunity #GCCNews #GCCTrends #ETGCCWorld"
TransUnion,Hyderabad,2026-03-12T13:00:35.510Z,Debasis Panda,linkedin_metadata,https://www.linkedin.com/posts/et-gcc_etgccgrowthsummit-etgccgrowthsummithyd-gcc-activity-7437844995942019072-7izx,"“The AI Mesh will define the industry’s future,"" according to Debasis Panda, Senior Vice President and Head, TransUnion’s Global Capability Centers.

At the ETGCCWorld Global Capability Centers Growth Summit 2026, he will highlight how AI Mesh will bring together data governance, secure intelligence, and enterprise-wide decisioning.

Join him and other top leaders on March 18 in Hyderabad.

Register Now: https://lnkd.in/gUa95iQx

#ETGCCGrowthSummit #ETGCCGrowthSummitHYD #GCC #GlobalCapabilityCentres #GCCLeaders #Leadership #GCCCommunity #GCCNews #GCCTrends #ETGCCWorld"
Hewlett Packard Enterprise,Pune,2026-03-11T11:44:04.909Z,Mohd Kaif; Muhurta Shinde; Nikhil Mendon; Ranjita Singha; Saurabh Kumar; Arundathi Rao; Kailash Maisekar,linkedin_metadata,https://www.linkedin.com/posts/et-gcc_etgcc-ai-gcc-activity-7437463353700298752-07TT,"Re-Architecting the AI Era

Great insights and engaging discussions at Re-Architecting the AI Era – Reimagining Financial Services with AI-First GCCs, hosted by The Economic Times on 6th March at JW Marriott Pune.

The roundtable brought together industry leaders to discuss how AI-first Global Capability Centres (GCCs) drive innovation, intelligent automation, and transformation across the financial services ecosystem.

Thank you to all the leaders who joined us and made the discussion truly insightful. Looking forward to many more such meaningful conversations.

Mohd Kaif | Saurabh Kumar | Muhurta Shinde | Hewlett Packard Enterprise | Orbit Techsol | Ranjita Singha | Nikhil Mendon
#ETGCC #AI #GCC #DigitalTransformation #OrbitTechsol #HPE"
Costco Wholesale India Private Limited,Hyderabad,2026-03-07T10:16:06.443Z,Debasis Panda; Dr. Girish Kapur; Gaurav Sharma; Mrinal Duggal; Rajeev Mall; Ram (Ramaprasad) Subramaniam,linkedin_metadata,https://www.linkedin.com/posts/et-gcc_etgccgrowthsummit-etgccgrowthsummithyd-gcc-activity-7435991662746705920-Jqwb,"From digital retail and financial services to life sciences and global shared services, this speaker line-up brings together diverse perspectives shaping the next phase of Global Capability Centers. Their combined experience spans transformation, site leadership, service enablement, and enterprise-scale innovation.

At the ETGCCWorld Global Capability Centers Growth Summit 2026, these voices come together to explore how GCCs are evolving into high-impact, globally integrated engines of value.

Featuring:
• Rajeev Mall – Vice President, Costco Digital Services, Costco Wholesale India Private Limited
 • Dr. Girish Kapur  – Senior Vice President – India Site Operations & Site Head, US Pharmacopeia India
 • Mrinal Duggal – Head, Hyderabad Global Hub, Sanofi
 • Debasis Panda – Senior Vice President and Head, TransUnion GCCs
 • Ram (Ramaprasad) Subramaniam – Vice President & GCC Lead, Qualcomm
 • Gaurav Sharma – GBS Head of Service Enablement & Bangalore Hub Director, AstraZeneca

Be part of the conversation in Hyderabad.

Register Now: https://lnkd.in/gUa95iQx

#ETGCCGrowthSummit #ETGCCGrowthSummitHYD #GCC #GlobalCapabilityCentres #GCCLeaders #Leadership #GCCCommunity #GCCNews #GCCTrends #ETGCCWorld"
Daimler Truck Innovation Center India (DTICI),,2026-03-09T05:56:04.355Z,Radhakrishnan Kodakkal,linkedin_metadata,https://www.linkedin.com/posts/et-gcc_gcc-globalcapabilitycentres-gccindia-activity-7436650998577840128--Nvm,"“I am excited to step into this role and build on the strong foundation that has been established. The automotive industry is experiencing a period of significant transformation and there’s no better time to be part of it than now,"" said Radhakrishnan Kodakkal.

Kodakkal has over three decades of experience and in his most recent stint, he was vice-president & head of the global technology & engineering center at Whirlpool Corporation.

Read the full story 👇 
https://lnkd.in/gN8k2s-7

Daimler Truck Innovation Center India (DTICI) #GCC #GlobalCapabilityCentres #GCCIndia #GCCLeaders #GCCCommunity #GCCTrends #IndustryTrends #GCCNews #News #ETGCCWorld"
Silicon Labs,Hyderabad,2026-03-03T10:03:12.458Z,Matt Johnson; Manish Kothari,linkedin_metadata,https://www.linkedin.com/posts/et-gcc_gcc-globalcapabilitycentres-gcccommunity-activity-7434538864955932672-dn38,"“Hyderabad has become a critical hub in our global engineering and operations footprint. This expansion is a long-term investment in talent, innovation, and global collaboration. It strengthens our ability to deliver power-efficient wireless solutions to customers worldwide,” said Matt Johnson, president and CEO of Silicon Labs.

The expanded facility will include advanced labs for wireless design, validation and system integration, as well as additional collaboration space to support its employees.

Read the full story 👇 
https://lnkd.in/gwr4_qZr

Silicon Labs #GCC #GlobalCapabilityCentres #GCCCommunity #GCCIndia #GCCLeaders #GCCNews #GCCTrends #IndustryTrends #News #SiliconLabs #Hyderabad #Telangana #ETGCCWorld"
Advance Auto Parts,,2026-03-02T06:11:09.333Z,Kristen Soler,linkedin_metadata,https://www.linkedin.com/posts/et-gcc_gcc-globalcapabilitycentres-hr-activity-7434118079271313408-48fz,"Introducing Built To Scale, a series that looks at how HR leaders are shaping culture, strengthening talent pipelines and preparing employees to take on larger global roles.

In the very first feature, we speak to Kristen Soler of Advance Auto Parts where she talks about how hiring priorities in India are much aligned to business priorities rather than headcount targets.

“Our cultural framework is built on inspiring our team members, serving our customers and growing our business. It’s reflected in how we operate across every part of the organisation, including our Advance India locations,” Soler tells us.

Read more: https://lnkd.in/gDQHEXj4

#GCC #GlobalCapabilityCentres #HR #Culture #Hiring #Talent #GCCIndia #GCCLeaders #HRLeaders #GCCCommunity #GCCTrends #GCCNews #IndustryTrends #Trends #News #ETGCCWorld"
Cohere Health,Hyderabad,2026-02-26T11:10:27.186Z,Siva Namasivayam,linkedin_metadata,https://www.linkedin.com/posts/et-gcc_gcc-globalcapabilitycentres-gccindia-activity-7432743848503701504-8VMA,"“We’re excited about bringing together the best of AI-powered clinical intelligence with the remarkable talent and passion India has to offer. As we scale globally, the GCC is instrumental: driving better decision-making and payer-provider interactions and ultimately improving patient care access and outcomes,” said Siva Namasivayam, CEO & co-founder of Cohere Health.

The firm plans to scale the new facility into a centre of excellence focused on clinical intelligence, AI-led innovation, and product development. 

Read more 👇 
https://lnkd.in/gwqQsi7v

#GCC #GlobalCapabilityCentres #GCCIndia #GCCLeaders #GCCHyderabad #Hyderabad #CohereHealth #GCCCommunity #GCCTrends #GCCNews #News #ETGCCWorld"
ETGCCWorld,,2026-02-23T10:00:02.669Z,Ankita Kanojia; Biren Bhatt; Jatin Desai; Jayesh Londhe; Mahak Goyal; Mohd Kaif; Nilesh Dalvi; Pavan Kishore Kota Subramanya; Saurabh Kumar; Sunil Gandhi; Suresh Krishnamurthy; Vijayprakash Gowda; Vikram Kulkarni; Vinay Dayananda,linkedin_metadata,https://www.linkedin.com/posts/et-gcc_leadershipdialogue-reimaginingfinancialservices-activity-7431638965998276608-f6Fp,"The conversation doesn’t end at the roundtable, it begins here.

On 6th February, ETGCCWorld in association with Infosys brought together forward-thinking leaders for an insightful roundtable on Reimagining Financial Services—and the energy, ideas, and perspectives in the room were truly exceptional.

The discussion moved beyond incremental digitization to deeper transformation:
• AI as a value engine, not just an efficiency lever
• GCCs evolving into innovation hubs
• Trust, governance, and responsible AI becoming board-level priorities amid regulatory complexity and rising cyber risk.

A sincere thank you to all participants for bringing candid insights, real-world case studies, and bold perspectives on how financial institutions can remain resilient, agile, and customer-centric in an AI-first era.

What does “reimagining financial services” mean in your organization? 

Drop your thoughts in the comments and let’s keep the dialogue going beyond the room. 

 Saurabh Kumar | Mohd Kaif | Ankita Kanojia | Jayesh Londhe | Mahak Goyal | Gaurav Nigam | Vikram Kulkarni | Vinay Dayananda | Jatin Desai | Biren Bhatt | Sunil Gandhi | Suresh Krishnamurthy | Pavan Kishore Kota Subramanya | Vijayprakash Gowda | Nilesh Dalvi
#LeadershipDialogue #ReimaginingFinancialServices #Finance #GCCs #FutureOfWork #ETGCCWorld #Infosys"
OakNorth in India,,2026-02-20T11:40:36.407Z,Praveen Agrawal; Ramarko Sengupta; Ashish Nayyar,linkedin_metadata,https://www.linkedin.com/posts/et-gcc_gcc-globalcapabilitycentres-gccindia-activity-7430577109732900864-dBbf,"“AI is going to come whether we like it or not.”

That’s the reality, says Praveen Agrawal, co-head at OakNorth in India.

He unpacks why early AI adopters will have the edge, and what young professionals must do to stay relevant.

From reverse migration to enterprise AI experiments, this episode of The Tech Titans offers a grounded look at where India’s capability centres are headed next.

In conversation with Ramarko Sengupta.

Full episode out now 👇 
https://lnkd.in/gtspUqvt

#GCC #GlobalCapabilityCentres #GCCIndia #GCCCommunity #TheTechTitans #Podcast #GCCLeaders #Leadership #AI #GCCNews #GCCTrends #IndustryTrends #News #ETGCCWorld"
Festo India,Bengaluru,2026-02-18T11:17:18.141Z,Ravi Sastry,linkedin_metadata,https://www.linkedin.com/posts/et-gcc_gcc-globalcapabilitycentres-gccindia-activity-7429846469249249280-219Q,"“Our GCC in Bengaluru is aligned with Festo’s vision of automation for a sustainable future, the centre will play a significant role to drive global R&D initiatives while fostering collaboration with India’s rich technology and engineering talent pool,” said Ravi Sastry, managing director, Festo India.

Festo entered the Indian market in 1963 and established its incorporated presence in 1986. 

Over the last four decades, Festo India has grown to over 1,000 employees, serving 25,000 customers, institutions and industry partners across industrial automation and technical education.

Read more: https://lnkd.in/gC5QuTQ6

#GCC #GlobalCapabilityCentres #GCCIndia #GCCBengaluru #Festo #GCCLeaders #GCCCommunity #GCCTrends #GCCNews #News #ETGCCWorld"
Thales,,2026-02-21T06:32:34.241Z,Olivier Flous,linkedin_metadata,https://www.linkedin.com/posts/et-gcc_gcc-globalcapabilitycentres-gccindia-activity-7430861977775845376-ywJX,"“India as a center is extremely important for us. Engineering in Thales Group is 35,000 people altogether and in India, we have around 2,300 people…but it's the fastest growing engineering center that we have in the Group today,” Olivier Flous, SVP, engineering & digital transformation at Thales told ETGCCWorld.

If you have ever flown on an aircraft, there is a growing likelihood that some part of that engineering passed through India.

Global aerospace and defence companies are reworking their engineering footprint, with India playing a larger role in core programmes. Centres that were initially built for scale and cost are now building safety-critical systems, digital platforms and next-generation product development.

Our newsletter this week takes a deep dive into these centres 👇 
https://lnkd.in/gzYFN7_f

#GCC #GlobalCapabilityCentres #GCCIndia #GCCLeaders #GCCCommunity #GCCTrends #IndustryTrends #GCCWeekly #GCCNews #News #Trends #Newsletter #Aero #Defence #ETGCCWorld"
TruBridge India,Chennai,2026-02-23T07:50:35.065Z,Rohit Gupta; Sriniketh Chakravarthi,ollama_qwen,https://www.linkedin.com/posts/et-gcc_gcc-globalcapabilitycentres-gccindia-activity-7431606386305937408-iLr-,"“We officially welcomed the first batch of employees to our Chennai global capability centre, marking the beginning of an exciting new chapter in our journey. This centre brings together talented minds who will play a key role in strengthening the work we do to support community healthcare. And this is just the start,” the firm announced.

The centre will add to the firm’s global delivery network and expand its presence in India.

Read more: https://lnkd.in/gCX4mxg2

TruBridge India #GCC #GlobalCapabilityCentres #GCCIndia #GCCCommunity #GCCNews #GCCTrends #GCCChennai #Chennai #HealthcareGCC #ETGCCWorld"
Government of Telangana,,2026-02-17T11:28:15.385Z,Madeleine Roach; Sridhar Babu Duddilla,linkedin_metadata,https://www.linkedin.com/posts/et-gcc_gcc-globalcapabilitycentres-gccindia-activity-7429486838064566272-6Kg7,"“India's exceptional talent pool in digital innovation, AI, and data science is instrumental in accelerating our transformation and advancing our mission. We look forward to further growing our capabilities and impact and partnering with Telangana as it continues to set new standards in life sciences innovation and global competitiveness,” said Madeleine Roach, EVP, Head of Business Operations, Sanofi. 

The expanded campus was inaugurated by Sridhar Babu Duddilla, Minister for IT, Industries & Commerce, Government of Telangana.

Read more: https://lnkd.in/gUcXz2BB

#GCC #GlobalCapabilityCentres #GCCIndia #GCCHyderabad #GCCTelangana #GCCLeaders #GCCCommunity #GCCTrends #GCCNews #News #ETGCCWorld"
Hexagon R&D India,,2026-02-16T13:47:04.482Z,Navaneet Mishra; Sachin Agarwal,linkedin_metadata,https://www.linkedin.com/posts/et-gcc_gcc-globalcapabilitycentres-gccindia-activity-7429159384963940354-y-4P,"Introducing Made in GCC: A series  tracking the products, engineering bets, and breakthrough ideas emerging from India’s global capability centres.

In our first feature, we have Aura by Hexagon R&D India.

“The goal was simple,” said Navaneet Mishra, senior vice-president and head of Hexagon R&D India. “Why should someone sit still for minutes when you can capture everything in one click and analyse it almost instantly?”

The idea emerged from Hexagon’s India R&D centre, where engineers were already working with high-precision scanning and digital twin technologies used in industrial and infrastructure projects. 

The platform uses 13 cameras that fire simultaneously, capturing facial geometry in a single snap. Within about a minute, the system generates a detailed 3D digital twin of the patient’s face.

Read more: https://lnkd.in/gUfugyRr

#GCC #GlobalCapabilityCentres #GCCIndia #GCCCommunity #Aura #Hexagon #MadeinGCC #GCCTrends #GCCNews #AI #Tech #GCCLeaders #ETGCCWorld"
DBS Tech India,,2026-02-11T13:22:39.262Z,Maneesh Sehagal,linkedin_metadata,https://www.linkedin.com/posts/et-gcc_etgccgrowthsummit-etgccgrowthsummithyd-gcc-activity-7427341300057772032-ALwL,"We’re pleased to welcome Maneesh Sehagal, CEO, DBS Tech India, as a speaker at the ETGCCWorld GCC Growth Summit 2026. 

His perspective will spotlight how technology-led GCCs are strengthening digital trust, accelerating innovation, and redefining the enterprise backbone for a globally connected future.

Express your interest: https://lnkd.in/gUa95iQx

#ETGCCGrowthSummit #ETGCCGrowthSummitHYD #GCC #GlobalCapabilityCentres #GCCLeaders #Leadership #GCCCommunity #GCCNews #GCCTrends #ETGCCWorld"
"We are delighted to welcome Arvind Chittora, Managing Director, Sonoco India Performance Hub and Country Head, Conitex Sonoco India, as an esteemed speaker for ETGCCWorld GCC Growth Summit 2026.

He",,2026-02-09T11:28:28.245Z,Arvind Chittora,linkedin_metadata,https://www.linkedin.com/posts/et-gcc_etgccgrowthsummit-etgccgrowthsummithyd-gcc-activity-7426587789078495232-NY2F,"We are delighted to welcome Arvind Chittora, Managing Director, Sonoco India Performance Hub and Country Head, Conitex Sonoco India, as an esteemed speaker for ETGCCWorld GCC Growth Summit 2026.

He will share insights on how GCCs are strengthening operational excellence, resilience, and enterprise-wide ownership.

Express your interest: https://lnkd.in/gUa95iQx

#ETGCCGrowthSummit #ETGCCGrowthSummitHYD #GCC #GlobalCapabilityCentres #GCCLeaders #Leadership #GCCCommunity #GCCNews #GCCTrends #ETGCCWorld"
Progress Software,,2026-02-10T09:38:12.561Z,Girija Kolagada,linkedin_metadata,https://www.linkedin.com/posts/et-gcc_gcc-globalcapabilitycentres-gccindia-activity-7426922428754255872-wSG4,"“India plays a vital role in the company’s global strategy not only as a center of excellence for technology and AI product innovation but also as a source of exceptional talent and leadership,” Girija Kolagada said.

Kolagada has worked at Progress Software for nearly half a decade and was most recently the vice-president of engineering.

Her career dates back to the late 90s when she started off with the Indian Space Research Organisation, where she worked as a scientist, and has since worked at the likes of Mascon Global and Oracle.

Read more: https://lnkd.in/gZWzRGSU

#GCC #GlobalCapabilityCentres #GCCIndia #GCCCommunity #GCCNews #GCCTrends #News #GCCLeaders #Leadership #ProgressSoftware #Tech #AI #ETGCCWorld"
Pure Storage,,2026-02-07T08:27:35.121Z,Ajeya Motaganahalli,linkedin_metadata,https://www.linkedin.com/posts/et-gcc_gcc-globalcapabilitycentres-gccindia-activity-7425817492045897728-06Pw,"“GCC hiring is not tied to immediate client requirements, or as is the case of a startup which typically hires for speed and rapid execution. GCCs recruit talent to build enduring engineering capabilities aligned with the parent organisation’s global roadmap,"" says Ajeya Motaganahalli, VP Engineering & MD, Pure Storage India R&D.

In many organisations, recruitment follows certain demands: a new project, client win, or a pressing gap. In GCCs, things tend to go a tad differently. 

Why this happens and what this leads to forms the crux of our cover story this week.

Read and subscribe 👇 
https://lnkd.in/gzYFN7_f

#GCC #GlobalCapabilityCentres #GCCIndia #GCCCommunity #GCCTalent #GCCHiring #GCCLeaders #Newsletter #GCCWeekly #Hiring #Talent #News #GCCNews #Trends #GCCTrends #IndustryTrends #ETGCCWorld"
Best Buy™ India,,2026-01-27T08:44:38.305Z,Hemanshi Tewari; Surendra Bashani; Sushant Bhushan,linkedin_metadata,https://www.linkedin.com/posts/et-gcc_gcc-globalcapabilitycentres-gccindia-activity-7421835517069115394-4vll,"""Convenience is speed and speed comes from data.""

That one line sets the tone for our new episode of Power Talks featuring Surendra Bashani of Best Buy™ India and Sushant Bhushan of Circle K.

A deep dive into how global retailers are using AI, predictive insights and frontline enablement to build customer journeys that feel simple, intuitive and relevant.

In conversation with Hemanshi Tewari.

Full episode out now 👇 
https://lnkd.in/gqmdXfQi

#GCC #GlobalCapabilityCentres #GCCIndia #GCCCommunity #GCCLeaders #GCCNews #GCCTrends #IndustryTrends #Leadership #PowerTalks #AI #Retail #News #Trends #ETGCCWorld"
Texas Instruments India,,2026-02-07T11:05:06.633Z,Santhosh Kumar,linkedin_metadata,https://www.linkedin.com/posts/et-gcc_gcc-globalcapabilitycentres-gccindia-activity-7425857134560620545-WNEl,"“TI India's product development and design teams drive research and breakthrough innovations for customers worldwide. Our world-class engineers are central to pioneering the next generation of semiconductor advancements,” said Santhosh Kumar, president and managing director, Texas Instruments India.

The centre was inaugurated by Ashwini Vaishnaw, Union Minister for Railways; Information & Broadcasting; and Electronics & Information Technology, along with senior leaders from the company.

Read more: https://lnkd.in/grRjrydj

#GCC #GlobalCapabilityCentres #GCCIndia #Semiconductor #SemiconductorGCC #TexasInstruments #GCCNews #News #BengaluruGCC #ETGCCWorld"
Applied Materials India,Bengaluru,2026-01-27T13:41:41.089Z,Avi Avula,linkedin_metadata,https://www.linkedin.com/posts/et-gcc_gcc-appliedmaterials-semiconductor-activity-7421910271243362304-lgea,"“This investment comes at a pivotal moment for India’s rapidly advancing semiconductor ecosystem,” said Avi Avula, president, Applied Materials India.

The centre will add capacity for its R&D and engineering teams and marks a significant expansion of the company's India operations.

Read more: https://lnkd.in/gkX-nGY6

#GCC #AppliedMaterials #Semiconductor #SemiconductorGCC #GCCBengaluru #Bengaluru #News #GCCNews #GCCTrends #GCCCommunity #GlobalCapabilityCentres #ETGCCWorld"
"Entrepreneurs may speak openly about billion-dollar valuations and disruptive bets, but intrapreneurs in GCCs operate under a very different reality. 

With their work becoming quieter and more constrained, in many ways, these efforts inside a GCC determine how a global enterprise sets shop in a new geography.

For many GCCs, the first step toward intrapreneurship begins with proving credibility.

For this week's newsletter cover story, we spoke to several GCC leaders and industry experts to get a first-hand look of how intrapreneurship",,2026-01-31T03:43:58.137Z,Rohit Gupta; Sriniketh Chakravarthi,ollama_qwen,https://www.linkedin.com/posts/et-gcc_gcc-globalcapabilitycentres-gccnews-activity-7423209402582659072-_utw,"Entrepreneurs may speak openly about billion-dollar valuations and disruptive bets, but intrapreneurs in GCCs operate under a very different reality. 

With their work becoming quieter and more constrained, in many ways, these efforts inside a GCC determine how a global enterprise sets shop in a new geography.

For many GCCs, the first step toward intrapreneurship begins with proving credibility.

For this week's newsletter cover story, we spoke to several GCC leaders and industry experts to get a first-hand look of how intrapreneurship is driving the next level of enterprise-level global innovation.

Read and subscribe 👇 
https://lnkd.in/gzYFN7_f

#GCC #GlobalCapabilityCentres #GCCNews #GCCTrends #GCCNews #GCCCommunity #GCCLeaders #Leadership #GCCIndia #GCCWeekly #Newsletter #News #Trends #ETGCCWorld"
Flexera,,2026-01-30T12:04:57.170Z,Niladri Ray; Ramarko Sengupta,linkedin_metadata,https://www.linkedin.com/posts/et-gcc_gcc-globalcapabilitycentres-gcccommunity-activity-7422973091439562754-XCmE,"“Focus on the so what. Focus on the business, focus on the problem.”

As GCCs evolve from support engines to value creators, the real edge isn’t just AI, scale, or talent density. It’s understanding the problem well enough to matter to the customer.

In this week's episode of The Tech Titans, we speak to Niladri Ray of Flexera who shares why disciplined AI adoption matters, and why careers in this space are built by those who stay closest to business impact, not just technology.

In conversation with Ramarko Sengupta.

Full episode out now 👇 
https://lnkd.in/gh6AAg9w

#GCC #GlobalCapabilityCentres #GCCCommunity #GCCIndia #GCCLeaders #Leadership #TheTechTitans #Podcast #GCCNews #GCCTrends #IndustryTrends #AI #ETGCCWorld"
Exol,,2026-02-03T06:11:45.140Z,Ashfaque Chowdhury,linkedin_metadata,https://www.linkedin.com/posts/et-gcc_exol-globalcapabilitycentre-gcc-activity-7424333757085835264-BPrY,"“This partnership enables us to tap into world-class talent to accelerate the launch and continued growth of our platform. Building this global capability centre is a critical step in scaling Exol’s operations and delivering a fulfilment infrastructure that is commercially available, reliable and accessible to companies globally,” said Ashfaque Chowdhury, CEO of Exol. 

The facility will be set up under an agreement between House of Shipping and InfoSun Technology to support the company’s robotic logistics platform serving manufacturers, consumer packaged goods companies, and retailers.

Read the full story below. 👇 
https://lnkd.in/g5wjWvCP

#Exol #GlobalCapabilityCentre #GCC #GCCNews #GCCIndia #RoboticLogistics #LogisticsTech #SupplyChain #WarehouseAutomation #Manufacturing"
Infosys Insurance,,2026-01-22T12:00:47.222Z,Ankita Kanojia; Anshul Agarwal; Arvind Balasubramanian; Atul Chaturvedi; Deepak Subbramaniam; Jayesh Londhe; Kannan Amaresh; Mahak Goyal; Mark Iorizzo; Mohd Kaif; Ridhi Arora; Saurabh Kumar; Suresh Kumar Nune; Vinayak P Hegde,linkedin_metadata,https://www.linkedin.com/posts/et-gcc_insuranceinnovators-insuranceleadership-futureofinsurance-activity-7420072940156760064-zjrH,"One room. Many perspectives. One future to build.

A heartfelt thank you to our distinguished speakers at The Insurance Innovators Roundtable Discussion, which happened on January 20, for sharing bold insights on GCC-led innovation, digital transformation, and the future of insurance. Your perspectives turned ideas into intent and dialogue into direction.

What’s the one innovation you believe will redefine the insurance industry in the next 12 months? Drop your insight below.

Let’s keep the conversation going!

Kannan Amaresh | Deepak Subbramaniam | Atul Chaturvedi | Arvind Balasubramanian | Vinayak P Hegde | Ridhi Arora | Suresh Kumar Nune | Mark Iorizzo | Anshul Agarwal | Infosys Insurance | Mohd Kaif | Saurabh Kumar | Ankita Kanojia | Jayesh Londhe | Mahak Goyal

#InsuranceInnovators #InsuranceLeadership #FutureOfInsurance #GCC #GlobalCapabilityCenters"
"Citizens Financial Group, Inc.",Bengaluru,2026-02-04T07:04:59.650Z,Michael Ruttledge,linkedin_metadata,https://www.linkedin.com/posts/et-gcc_citizensfinancialgroup-infosys-aiinnovation-activity-7424709543697219584-G1Vo,"“Our AI-first innovation hub reflects Citizens’ long-term commitment to building modern and intelligent banking capabilities. Partnering with technology firms like Infosys is helping transform how we serve our customers by integrating advanced AI at the core of our operations,” said Michael Ruttledge, chief information officer and head of enterprise technology & security, Citizens Financial Group, Inc.

Infosys will support the initiative as a strategic delivery partner, bringing its expertise in AI, cloud and cybersecurity to help advance the company’s AI-led operating model. 

Read the full story below. 👇 
https://lnkd.in/gyMqKSjM

#CitizensFinancialGroup #Infosys #AIInnovation #InnovationHub #Bengaluru #DigitalTransformation #BankingTech #EnterpriseTechnology #AIInBanking #GlobalCapabilityCentres #GCCIndia #GCCNews"
GI Outsourcing,Hyderabad,2026-02-04T09:41:50.198Z,Tariq Husain,linkedin_metadata,https://www.linkedin.com/posts/et-gcc_gioutsourcing-hyderabad-gcc-activity-7424749014396370947-iy1T,"“Our expansion into Hyderabad is about accessing the ecosystem of innovation and financial expertise,” said Tariq Husain, Group CEO, GI Outsourcing.

The new centre, which begins operations with a 50-member team, is expected to add another 50 employees over the next year and scale up by an additional 100 by 2028. 

Read the full story below. 👇 
https://lnkd.in/gz2Ct4Ke

#GIOutsourcing #Hyderabad #GCC #GlobalCapabilityCentre #GCCIndia #BusinessExpansion #FinancialServices #TalentHub #ETGCCWorld #IndustryNews #GCCNews"
Bristol Myers Squibb,Hyderabad,2026-02-05T06:24:55.338Z,Mohit Dhingra,linkedin_metadata,https://www.linkedin.com/posts/et-gcc_etgccgrowthsummit-etgccgrowthsummithyd-gcc-activity-7425061847147438080-5jNs,"Reinventing the enterprise backbone takes technology leadership with real-world impact.

Mohit Dhingra, Vice President, Technology, and Managing Director, Bristol Myers Squibb Hyderabad, joins the ETGCCWorld GCC Growth Summit 2026 to share how GCCs are advancing intelligence, resilience, and digital trust at the core of global enterprises. His perspective reflects how technology-led capability centres are moving beyond execution to drive enterprise-wide transformation.

Express your interest: https://lnkd.in/gUa95iQx

#ETGCCGrowthSummit #ETGCCGrowthSummitHYD #GCC #GlobalCapabilityCentres #GCCLeaders #Leadership #GCCCommunity #GCCNews #GCCTrends #ETGCCWorld"
WM India,,2026-02-06T11:39:58.973Z,Saurabh Kumar; Kapil Behl,linkedin_metadata,https://www.linkedin.com/posts/et-gcc_gcc-globalcapabilitycentres-wm-activity-7425503522605109249-W-sT,"“As long as you are focused on customers, we are focused on you.”

That simple mindset has helped WM India scale from 100 people to over 2,200 while becoming a global transformation and problem-solving partner.

In the latest episode of GCC Unplugged, Kapil Behl breaks down how trust gets built across continents, how AI is driving real revenue impact, and why people-first cultures are becoming the biggest competitive advantage for modern GCCs.

In conversation with Saurabh Kumar.

Full episode out now 👇 
https://lnkd.in/g85sqUzk

#GCC #GlobalCapabilityCentres #WM #WMIndia #GCCLeaders #Leadership #GCCIndia #GCCCommunity #GCCTrends #IndustryTrends #GCCNews #Podcast #GCCUnplugged #ETGCCWorld"
Arctic Wolf,,2026-02-14T07:13:09.447Z,Kristin Dean,linkedin_metadata,https://www.linkedin.com/posts/et-gcc_gcc-globalcapabilitycentres-gccindia-activity-7428335476710899712-gom6,"With mid-to-senior professionals emerging as the most sought-after talent, several GCCs are on a hiring spree, offering up to 30 per cent higher compensation than IT services firms, particularly for AI and cloud roles.

For many candidates, the appeal goes beyond compensation. They are attracted to the opportunity to work on global projects and collaborate with international teams. 

“There is also a clear expectation around culture, which plays an important role in how candidates evaluate us as an employer,” says Kristin Dean, chief people officer at Arctic Wolf.

In this week's story, we take a look at the fast changing talent landscape inside GCCs where compensation, culture and capability now go hand in hand.

Read and subscribe 👇 
https://lnkd.in/gzYFN7_f

#GCC #GlobalCapabilityCentres #GCCIndia #GCCNews #GCCTrends #IndustryTrends #News #GCCLeaders #GCCCommunity #GCCHiring #GCCTalent #Hiring #Jobs #Compensation #Talent #GCCWeekly #Newsletter #ETGCCWorld"
Greenlight,,2026-01-20T10:51:33.595Z,Shivi Mithal; Sunil Shirguppi,linkedin_metadata,https://www.linkedin.com/posts/et-gcc_gcc-globalcapabilitycentres-gccindia-activity-7419330742851280896-oEzi,"“Whatever teams or functions we have set up here, we have made sure that there is complete front to back ownership,” said Sunil Shirguppi. The India hub for Greenlight includes engineering, security, product, design and operations. “The combination of our decision to how the market has evolved has really helped us sort of shape up the GCCs.”

Shivi Mithal echoed this shift. 

Mimecast’s India centre was set up “as a true GCC, which means that all the roles were global.” Leadership structures are determined by capability, not geography.

Read more: https://lnkd.in/gi5k-Fcw

#GCC #GlobalCapabilityCentres #GCCIndia #GCCLeaders #Leadership #GCCCommunity #GCCTrends #IndustryTrends #GCCNews #News #Cybersecurity #Fintech #ETGCCWorld"
The ETGCCWorld GCC Growth Summit 2026,Hyderabad,2026-01-19T11:43:22.722Z,,ollama_qwen,https://www.linkedin.com/posts/et-gcc_etgccgrowthsummit-etgccgrowthsummithyd-gcc-activity-7418981395609464832-zxea,"The ETGCCWorld GCC Growth Summit 2026 is designed as a platform for dialogue, insight, and perspective, where leaders examine how centres are moving beyond scale to drive intelligence, resilience, and digital trust. 

Set in Hyderabad, the fastest-growing GCC hub, the summit creates space for focused conversations that help enterprises rethink their core capabilities and future operating models.

Register Now: https://lnkd.in/gUa95iQx

#ETGCCGrowthSummit #ETGCCGrowthSummitHYD #GCC #GlobalCapabilityCentres #GCCLeaders #Leadership #GCCCommunity #GCCNews #GCCTrends #ETGCCWorld"
Dassault Systemes Global Services (DSGS),,2026-01-16T11:59:42.633Z,Manish Tambe; Ramarko Sengupta,linkedin_metadata,https://www.linkedin.com/posts/et-gcc_gcc-globalcapabilitycentres-gccindia-activity-7417898342057209856-n7FF,"""AI is a companion, not a threat.""

In this episode of The Tech Titans, Manish Tambe of Dassault Systemes Global Services (DSGS) breaks down the next phase of engineering work, the rise of agentic AI, and the role Indian centres will play in building global products.

In conversation with Ramarko Sengupta.

Full episode out now. 👇 
https://lnkd.in/ghK__sdn

#GCC #GlobalCapabilityCentres #GCCIndia #GCCCommunity #GCCLeaders #Podcast #TheTechTitans #Leadership #Tech #ETGCCWorld"
NXP Semiconductors,,2026-01-18T06:21:46.794Z,Hitesh Garg,linkedin_metadata,https://www.linkedin.com/posts/et-gcc_gcc-globalcapabilitycentres-gccindia-activity-7418538074756005888-7iM5,"Semiconductors now find a place in every nook and corner of our being.

And while global names continue to make the headlines, India’s semiconductor story has for years been framed around what the country doesn’t have: fabs, manufacturing muscle and control over supply chains. 

But inside the design centres of these companies, a quieter shift has been underway.

“Over the next five years, India’s role in the semiconductor value chain will move upstream from design participation to system influence and ecosystem leadership,” Hitesh Garg of NXP Semiconductors told ETGCCWorld.

In this week's edition of our newsletter cover story, we take a peek into the inner workings of some of them and how they are powering our semiconductor dreams. 

Read and subscribe 👇 
https://lnkd.in/gzYFN7_f

#GCC #GlobalCapabilityCentres #GCCIndia #GCCCommunity #GCCLeaders #Semiconductors #Marvell #NXP #GlobalFoundries #DLI #GCCTrends #IndustryTrends #GCCNews #News #ETGCCWorld"
"The expanded facility, located at Brigade Metropolis in Bengaluru,",Bengaluru,2026-01-15T06:31:57.760Z,Rohit Gupta; Sriniketh Chakravarthi,ollama_qwen,https://www.linkedin.com/posts/et-gcc_gcc-globalcapabilitycentres-gcccommunity-activity-7417453473736179712-XOrn,"The expanded facility, located at Brigade Metropolis in Bengaluru, has grown from five engineers at launch to more than 50 today, and is expected to cross 100 employees by the end of 2026.

The Bengaluru team plays a central role in the development and delivery of software-defined fabric technologies, which are designed for chiplet-based system architectures, the company said.

Read more: 
https://lnkd.in/ghGw6r4k

#GCC #GlobalCapabilityCentres #GCCCommunity #GCCTrends #GCCNews #News #Tech #Semiconductor #Research #Innovation #AI #BengaluruGCC #IndustryTrends #ETGCCWorld"
Reinventing the enterprise backbone,,2026-01-14T06:56:27.467Z,,ollama_qwen,https://www.linkedin.com/posts/et-gcc_etgccgrowthsummit-etgccgrowthsummithyd-gcc-activity-7417097250268655616-pj58,"Reinventing the enterprise backbone is a leadership mandate.

The ETGCCWorld GCC Growth Summit 2026 brings together country heads, MDs, ITDMs, and CEOs, along with leaders from finance, legal, and HR to discuss how GCCs are taking on deeper ownership of engineering excellence, digital trust, and AI-led productivity.

Register Now: https://lnkd.in/gUa95iQx

#ETGCCGrowthSummit #ETGCCGrowthSummitHYD #GCC #GlobalCapabilityCentres #GCCLeaders #Leadership #GCCCommunity #GCCNews #GCCTrends #ETGCCWorld"
Curriculum Associates,Bengaluru,2026-01-13T08:41:08.501Z,Rajeev Kapoor,linkedin_metadata,https://www.linkedin.com/posts/et-gcc_gcc-globalcapabilitycentres-gccindia-activity-7416761206968897536-cvMb,"In December, Curriculum Associates expanded its global capability centre in Bengaluru, nearly a year after beginning operations in India. 

The company moved into a 40,000 sq. ft facility at Prestige Tech Park, up from its earlier 17,000 sq. ft space, to support product innovation and engineering capabilities.

Akin to several other GCCs, India’s diverse talent pool makes it the ideal foundation for this growth. The centre currently employs close to 250 people and plans to scale up to 315 employees. 

“While product and engineering remain our largest focal areas, India now powers nearly every function, from applications to AI innovation, building full-stack, high-ownership teams that deliver global business impact,"" said Rajeev Kapoor.

Read more: https://lnkd.in/ghtCwEnt

#GCC #GlobalCapabilityCentres #GCCIndia #GCCCommunity #GCCLeaders #Leadership #GCCTrends #IndustryTrends #GCCNews #News #CurriculumAssociates #Edtech #ETGCCWorld"
Merck Group,,2026-01-09T10:16:45.279Z,Anuprita Bhattacharya; Ramarko Sengupta; Arvind Vaishnav; Ganesh Baliga; Ramkumar Narayanan; Sreeman N Murthy Kandala; Tarun Sareen; Vikram Kolar,linkedin_metadata,https://www.linkedin.com/posts/et-gcc_gcc-globalcapabilitycentres-gccleaders-activity-7415335717297479680-Rhzn,"“AI enabled talent is what we should talk about.”

In this week's episode of The Tech Titans, Anuprita Bhattacharya of Merck Group explains why the conversation needs to shift from fearing AI to preparing talent that can work with it.

From Merck’s in-house GPT to scaling global teams out of India, she lays out what the next generation of GCC leaders must get right.

In conversation with Ramarko Sengupta.

Full episode out now 👇 
https://lnkd.in/gAxEErGp

#GCC #GlobalCapabilityCentres #GCCLeaders #Leadership #GCCCommunity #GCCNews #GCCTrends #TheTechTitans #Podcast #ETGCCWorld"
"Reinvention today starts at the core.

As global enterprises accelerate toward digital transformation, GCCs have emerged as the enterprise backbone powering engineering excellence. At the heart of this evolution",Hyderabad,2026-01-12T07:40:11.575Z,,ollama_qwen,https://www.linkedin.com/posts/et-gcc_etgccgrowthsummit-etgccgrowthsummithyd-gcc-activity-7416383480843960320-CiHp,"Reinvention today starts at the core.

As global enterprises accelerate toward digital transformation, GCCs have emerged as the enterprise backbone powering engineering excellence. At the heart of this evolution is Hyderabad, India’s fastest-growing GCC hub.

The ETGCCWorld GCC Growth Summit 2026 brings this shift into focus, decoding how centres are being rebuilt to be more intelligent, secure, resilient, and globally integrated.

Express your interest: https://lnkd.in/gUa95iQx

#ETGCCGrowthSummit #ETGCCGrowthSummitHYD #GCC #GlobalCapabilityCentres #GCCLeaders #Leadership #GCCCommunity #GCCNews #GCCTrends #ETGCCWorld"
Momentum,,2026-01-09T06:29:55.358Z,Rohit Gupta; Sriniketh Chakravarthi,ollama_qwen,https://www.linkedin.com/posts/et-gcc_etgccgrowthsummit-etgccgrowthsummithyderabad-activity-7415278633151279104-39-S,"Momentum is built when the right people, ideas, and intent come together.

The ETGCCWorld Global Capability Centers Growth Summit 2026 brings the GCC ecosystem into focus by driving conversations on scale, leadership, and enterprise transformation.

Register Now: https://lnkd.in/gUa95iQx

#ETGCCGrowthSummit  #ETGCCGrowthSummitHyderabad #ETGCCWorld #GlobalCapabilityCenters #GCCLeadership #EnterpriseTransformation #FutureOfGCCs #IndiaGCCs"
Cencora,,2026-01-07T04:21:05.126Z,Aparna Rao,linkedin_metadata,https://www.linkedin.com/posts/et-gcc_gcc-globalcapabilitycentres-gcccommunity-activity-7414521434477113344-1Yr9,"“We need platforms where teams can experiment, fail without the fear of downtime…Innovation does not happen in cubicles. The future GCC is not going to be a workplace, it's going to be a living lab that evolves,” says Aparna Rao of Cencora.

As GCCs move up the value chain, becoming innovation hubs, AI centres, and extensions of the larger enterprise, the definition of infrastructure is proving inadequate.

Read the full story 👇 
https://lnkd.in/gmjmdwxh

#GCC #GlobalCapabilityCentres #GCCCommunity #GCCNews #GCCTrends #GCCLeaders #Leadership #Infrastructure #AI #GCCIndia #Enterprise #ETGCCWorld"
KLA India,,2026-01-08T06:55:22.749Z,Dominic Gerald David,linkedin_metadata,https://www.linkedin.com/posts/et-gcc_gcc-globalcapabilitycentres-gccindia-activity-7414922651628011520-mUI2,"“This strategic investment not only expands our engineering capabilities but also reflects our long-term commitment to nurturing local talent, advancing R&D collaboration, and supporting India’s vision to become a key player in the global semiconductor ecosystem,” said Dominic David, president, KLA India.

The new facility is a significant scale-up of operations and is designed to meet growing global customer demand.

Read more: https://lnkd.in/gKXHbxca

#GCC #GlobalCapabilityCentres #GCCIndia #GCCNews #GCCTrends #GCCLeaders #KLA #SemiconductorGCC #Semiconductor #IndiaSemiconductorMission #News #GCCCommunity #ETGCCWorld"
ABB,,2026-01-08T08:38:58.782Z,GNV Subba Rao; Hemanshi Tewari,linkedin_metadata,https://www.linkedin.com/posts/et-gcc_gcc-globalcapabilitycentres-powertalks-activity-7414948723560120322-zLV-,"“Factories are no longer just physical assets. They’re becoming intelligent systems.”

In this episode of Power Talks, ABB’s GNV Subba Rao breaks down how India’s GCCs have moved from execution to engineering the core of global industrial platforms.

In conversation with Hemanshi Tewari.

Full episode out now 👇 
https://lnkd.in/gBffb8zQ

#GCC #GlobalCapabilityCentres #PowerTalks #GCCLeaders #Leadership #ABB #GCCCommunity #GCCTrends #AI #Automation #GCCNews #ETGCCWorld"
Philips,Bengaluru,2026-01-05T12:18:46.347Z,Arvind Vaishnav,linkedin_metadata,https://www.linkedin.com/posts/et-gcc_gcc-globalcapabilitycentres-gccnews-activity-7413916872619921408-fG_m,"“The trick here is to look at the entire value chain, so that not everyone is looking at one point or silo and saying, ‘I have created a solution and that fits everyone.’ That’s not how we look at it. And that’s why we have this powerful vision of achieving or improving 2.5 billion lives by 2025, driving the mindset of partnership and innovation,” said Arvind Vaishnav of Philips Innovation Campus, Bengaluru.

Innovation today is no longer something organisations can build alone. It increasingly depends on ecosystems of startups, academia, vendors, regulators, clinicians, and platform partners working together to co-create outcomes.

Read the full story 👇 
https://lnkd.in/gmfHxy-g

#GCC #GlobalCapabilityCentres #GCCNews #GCCTrends #GCCCommunity #GCCLeaders #Leadership #News #Trends #Tech #Innovation #AI #IndustryTrends"
Mimecast,,2025-12-30T10:56:51.005Z,Shivi Mithal,linkedin_metadata,https://www.linkedin.com/posts/et-gcc_gcc-globalcapabilitycentres-gccindia-activity-7411721928987619328-WtOL,"Shivi Mithal of Mimecast talks about a topic often overlooked in cybersecurity: the human layer.

In an important year-ender piece for enterprises, he talks about why this missing piece is what leaves even sophisticated systems vulnerable to cyber threats and also provides simple, effective solutions to safeguard.

Read more: https://lnkd.in/ggPXQrDi

#GCC #GlobalCapabilityCentres #GCCIndia #GCCLeaders #GCCTrends #GCCNews #GCCCommunity #Cybersecurity #Opinion #Tech #Industry #ETGCCWorld"
FIS,,2025-12-26T07:29:37.234Z,Ramkumar Narayanan; Saurabh Kumar; Dheeraj Gangrade; Hemanshi Tewari; GNV Subba Rao; Rohin Govindarajan; Sudish Lambodara Panicker,linkedin_metadata,https://www.linkedin.com/posts/et-gcc_gcc-etgccunplugged-gccindia-activity-7410220226509889536-50bv,"“It’s not a cost equation anymore. Why India then?”

That question sits at the heart of our latest episode of GCC Unplugged where we speak with Ramkumar Narayanan, EVP, Head of India and Philippines | AI Technology Enablement, FIS.

Narayanan explains why India’s real advantage now lies in end-to-end workflow understanding, product thinking, and leadership maturity, especially in an AI-first world.

In conversation with Saurabh Kumar.

Full episode out now. 👇 
https://lnkd.in/g26GEbHA

#GCC #ETGCCUnplugged #GCCIndia #GCCLeaders #GlobalCapabilityCentres #Podcast #FIS #Leadership #GCCCommunity #GCCTrends #IndustryTrends #AI #GCCNews #ETGCCWorld"
Idox plc,,2025-12-29T09:33:20.771Z,Kailash Maisekar; Arundathi Rao,linkedin_metadata,https://www.linkedin.com/posts/et-gcc_gcc-globalcapabilitycentres-gccindia-activity-7411338526677692416-Bxeq,"A big trend this year has been the quiet rise of Nano GCCs and in an interesting new opinion piece, Kailash Maisekar of Idox plc writes on what individual states could do to make themselves more attractive to companies setting up such centres.

From answering what they are to penning an entire table full of actionable suggestions for policy makers, this answers plenty of questions doing the rounds.

Read more: https://lnkd.in/gP5Mfreh

#GCC #GlobalCapabilityCentres #GCCIndia #GCCLeaders #GCCCommunity #GCCTrends #GCCNews #Leadership #Opinion #News #Trends #IndustryTrends #NanoGCC #ETGCCWorld"
RTX,,2025-12-24T10:09:45.763Z,Sourabh Gupta,linkedin_metadata,https://www.linkedin.com/posts/et-gcc_gcc-globalcapabilitycentres-innovation-activity-7409535751870328832-2EVd,"As GCCs evolve into strategic centres for global enterprises, Sourabh Gupta of RTX shares what he calls a 5-step proprietary leadership framework that focuses on value creation and avoids common pitfalls.

A look at the success of 2025, the promise of what's next and a structured framework that could define leaders who transform versus those who execute.

The GCC leadership framework 👇 
https://lnkd.in/gMfMbkZf

#GCC #GlobalCapabilityCentres #Innovation #Tech #Startups #GCCTrends #Opinion #GCCIndia #GCCCommunity #GCCLeaders #Leadership #Framework"
Tesco Business Solutions,,2025-12-19T05:38:09.967Z,Dr. Sumit Mitra; Saurabh Kumar,linkedin_metadata,https://www.linkedin.com/posts/et-gcc_gcc-globalcapabilitycentres-gccleaders-activity-7407655463019999232-DVQe,"“In a GCC, sitting on so much data and not connecting it is a heinous crime.”

That line from Dr. Dr. Sumit Mitra, CEO of Tesco Business Solutions and Tesco India, firmly captures the shift every GCC must make right now.

In this episode of ET GCC Unplugged, he explains why the future of GCCs is not labour arbitrage, but intellectual arbitrage, and how data, AI, and business context must come together to drive real decisions and measurable value.

In conversation with Saurabh Kumar.

Full episode out now. 👇
https://lnkd.in/g9_nwRvG

#GCC #GlobalCapabilityCentres #GCCLeaders #Leadership #AI  #Tesco #TBS #GCCCommunity #GCCTrends #GCCNews #GCCUnplugged #ETGCCWorld #Podcast"
Target,,2025-12-20T05:26:11.532Z,Andrea Zimmerman,linkedin_metadata,https://www.linkedin.com/posts/et-gcc_gcc-globalcapabilitycentres-gccleaders-activity-7408014837550612480-z28A,"""Nearly every aspect of Target’s US business is represented here at Target in India, whether it's technology, marketing, human resources, finance, merchandising, supply chain, analytics & reporting and more,” says Andrea Zimmerman.

GCCs once viewed largely as offshore delivery units, have become integral to how global retailers operate.

In this edition of the GCC Weekly, we speak to several industry leaders running such centres on how physical stores, digital channels, loyalty programs converging into a single operating fabric has resulted in decision-making becoming decentralised.

Read and subscribe 👇 
https://lnkd.in/gzYFN7_f

#GCC #GlobalCapabilityCentres #GCCLeaders #Leadership #GCCCommunity #GCCWeekly #ETGCCWorld #GCCIndia #RetailGCC #GCCTrends #GCCNews #IndustryTrends #Newsletter"
Volvo Cars,,2025-12-18T06:06:16.979Z,Hemanshi Tewari; Jonas Olsson; Manish Gupta,linkedin_metadata,https://www.linkedin.com/posts/et-gcc_gcc-globalcapabilitycentres-gccleaders-activity-7407300150995357696-49Du,"""Gen Z has very different expectations from work environments and career development compared to earlier generations. This makes our workplace more vibrant and exciting,"" says Jonas Olsson, head of India tech hub at Volvo Cars.

In this episode of PowerTalks, we explore how digital-first GCCs are building teams that are ready for the future.

Featuring Olsson, alongside Manish Gupta, Director-CRE at Regalia Business Parks and our host Hemanshi Tewari.

Full episode out now 👇 
https://lnkd.in/gUJFCxmT

#GCC #GlobalCapabilityCentres #GCCLeaders #Leadership #Culture #Hiring #Volvo #GCCCommunity #GCCNews #GCCTrends #IndustryTrends #ETGCCWorld #PowerTalks"
7-Eleven Global Solution Center – India,,2025-12-17T05:30:40.607Z,Malahar Pinnelli,linkedin_metadata,https://www.linkedin.com/posts/et-gcc_gcc-globalcapabilitycentres-gcccommunity-activity-7406928802536157184-b7Xl,"“When we first started, we focused on tech alone. Any organisation or GCC starts with a tech vision. We are building a strong product organisation here, with product-oriented delivery teams that have end-to-end responsibility for certain features,"" said Malahar Pinnelli, vice-president and country leader at 7-Eleven Global Solution Center – India.

The centre is actively hiring across roles in AI/ML, data engineering, and product development as part of its long-term talent strategy.

Read the full story. 👇 
https://lnkd.in/g3p7xQ8B

#GCC #GlobalCapabilityCentres #GCCCommunity #GCCNews #GCCTrends #GCCLeaders #7Eleven #GCCIndia #GCCBengaluru #News #Trends #GCCHiring #Retail"
Morgan Stanley,,2026-01-06T11:51:48.362Z,Anahita Tiwari,linkedin_metadata,https://www.linkedin.com/posts/et-gcc_gcc-globalcapabilitycentres-gccindia-activity-7414272474164441088-IfoW,"""Internally, we identify as another location for the firm. But externally…having the GCC name gives us an identity to interact with the government, regulators…to advocate the support that we need. And this has enabled us to create a platform where new organisations are able to set up a GCC,"" says Anahita Tiwari of Morgan Stanley.

For close to two decades, GCCs were defined by a narrow set of metrics: headcount growth, cost arbitrage, and the efficiency label. Scale and execution were the only currencies that mattered. 

Over time, these centres slowly started proving that they could run and manage large, complex operations reliably and at lower cost, and against mandates set miles away. That framing no longer holds true.

Our latest story breaks down why capability is no longer the term these centres prefer 👇 

https://lnkd.in/gkBrdqk9

#GCC #GlobalCapabilityCentres #GCCIndia #GCCCommunity #GCCNews #GCCTrends #GCCLeaders #Leadership #Narrative #IndustryTrends #ETGCCWorld"
Employment,Hyderabad,2025-12-12T09:53:07.577Z,,ollama_qwen,https://www.linkedin.com/posts/et-gcc_gcc-globalcapabilitycentres-gcccommunity-activity-7405182910787420160-rr27,"Employment has crossed 19 lakh, according to government data, with centres in Bengaluru, Hyderabad, Pune, Chennai, Mumbai and the NCR emerging as the largest clusters.

The sector is projected to reach $105 billion by 2030, supported by an estimated 2,400 centres employing 2.8 million professionals.

MeitY said as GCCs continue to evolve from support engines to strategic nerve centers, the country stands poised to shape the future of enterprise.

Read the full story. 👇 
https://lnkd.in/g_fTbuqB

#GCC #GlobalCapabilityCentres #GCCCommunity #GCCIndia #GCCLeaders #Leadership #GCCTrends #IndustryTrends #MeitY #AI #Startups #GCCNews #News #Jobs #Tech"
Okta,Bengaluru,2025-12-11T12:10:56.265Z,Stephanie Barnett,linkedin_metadata,https://www.linkedin.com/posts/et-gcc_gcc-globalcapabilitycentres-gcccommunity-activity-7404855204313018368-pRse,"""India’s digital ambition is unmatched, and by deepening our presence in Bengaluru, we’re uniquely positioned to help customers innovate safely as they embrace GenAI and agentic AI,"" said Stephanie Barnett of Okta.

The expansion also aligns with Okta’s broader international growth strategy as the company plans to scale from $5 billion to $10 billion in revenue.

Read the full story. 👇 
https://lnkd.in/gbN9usZC

#GCC #GlobalCapabilityCentres #GCCCommunity #GCCNews #GCCTrends #GCCIndia #News #IndustryTrends #Tech #Cybersecurity #AI #Bengaluru"
Equiniti India,,2025-12-09T09:25:11.897Z,Anand Ramakrishnan,linkedin_metadata,https://www.linkedin.com/posts/et-gcc_gcc-globalcapabilitycentres-gccindia-activity-7404088718879629312-0RMr,"“We are very much a part of the global organisation now. Any decision taken for India will not get taken unless the Indian leaders are involved,"" says Anand Ramakrishnan.

When he joined Equiniti India in September 2021, he walked into a company in flux.

Four years on, the numbers and nature of work tell a very different story. EQ India has grown to around 2,300 people, or about 40 per cent of the company’s global workforce. Almost every major business line now has a meaningful India footprint, from shareholder services and pensions to technology, finance and risk.

Read the full story. 👇 
https://lnkd.in/g2wy3pg6

#GCC #GlobalCapabilityCentres #GCCIndia #GCCNews #GCCTrends #EQIndia #Fintech #GCCLeaders #Leadership #GCCCommunity #GCCBengaluru #News #IndustryTrends"
Curriculum Associates India,,2025-12-09T14:15:35.073Z,Rajeev Kapoor,linkedin_metadata,https://www.linkedin.com/posts/et-gcc_gcc-globalcapabilitycentres-gccindia-activity-7404161796976230400-J0hn,"“India’s deep and diverse talent pool makes it the ideal foundation for this growth. While product and engineering remain our largest focal areas, India now powers nearly every function, from applications to AI innovation, building full-stack, high-ownership teams that deliver global business impact,"" said Rajeev Kapoor, Country Head of Curriculum Associates India.

At present, Curriculum Associates has over 2,700 employees globally and serves more than 17 million students and over one million teachers in the US with its digital and print instructional products. 

Read the full story. 👇 
https://lnkd.in/gZVtad6p

#GCC #GlobalCapabilityCentres #GCCIndia #GCCCommunity #GCCLeaders #Leadership #BengaluruGCC #GCCNews #GCCTrends #IndustryTrends #News #Edtech"
AXA Global Business Services (AXA GBS),,2025-12-05T10:29:03.738Z,Michele Rochefort; Saurabh Kumar,linkedin_metadata,https://www.linkedin.com/posts/et-gcc_gcc-globalcapabilitycentres-gccleaders-activity-7402655239322935296-IFfr,"AI and automation may change processes but culture changes outcomes.

In this episode of ET GCC Unplugged, Michele Rochefort shares how AXA Global Business Services (AXA GBS) is moving up the value chain through trust, upskilling, and shared ambition across geographies.

In conversation with Saurabh Kumar.

Full episode out now. 👇 
https://lnkd.in/gVZaJvg6

#GCC #GlobalCapabilityCentres #GCCLeaders #Leadership #GCCUnplugged #ETGCCWorld #GCCTrends #GCCNews #GCCCommunity #IndustryTrends #Leadership #AXA #Insurance #Tech #AI"
Swiss Re,,2025-12-04T06:10:07.896Z,Amit Kalra; Michael Mustian; Pankaj Vyas; Saurabh Kumar,linkedin_metadata,https://www.linkedin.com/posts/et-gcc_gcc-globalcapabilitycentres-gccindia-activity-7402227689413083136-MRqW,"“As the centres mature, they’re not called GCCs internally. There’s absolutely no difference between India and headquarters. That fundamentally creates a lot of changes, eventually leading to a team-led mindset,” said Amit Kalra of Swiss Re.

Michael Mustian of ExxonMobil further emphasised the changing role of GCC leadership itself, which is now shifting from functional specialists to enterprise integrators.

When Siemens entered the India market 25 years ago, the GCC started with a certain mandate. There was a need to be inwardly focused, to develop a very strong organisation with a certain level of competencies and processes.

“If that belief is deeply ingrained, while the centre continues to be only inwardly focused, you start losing the big picture as to why the centre exists. You’re not here to create your own glory as a GCC. You’re here to add to the big picture the organisation is pursuing,” said Pankaj Vyas.

Read the full story. 👇 
https://lnkd.in/gHvwq2ft

#GCC #GlobalCapabilityCentres #GCCIndia #GCCNews #GCCTrends #IndustryTrends #GCCLeaders #Leadership #Siemens #SwissRe #ExxonMobil #News #ETGCCAnnualConclave2025"
Nexteer Automotive - India Technical Center,,2025-12-03T11:43:57.103Z,Rohit Gupta; Vikas Prasad,linkedin_metadata,https://www.linkedin.com/posts/et-gcc_gcc-gccgiants-globalcapabilitycentres-activity-7401949310130827264-oypx,"Supply chains don’t break quietly, they expose how prepared you really are.

In our latest episode of GCC Giants, Rohit Gupta of Nexteer Automotive - India Technical Center and Dr. Vikas Prasad of Webasto Group unpack how India’s auto GCCs are moving from firefighting to future-proofing with digital depth, safer systems, and smarter manufacturing.

Full episode out now.👇 
https://lnkd.in/g-TNwjkC

#GCC #GCCGiants #GlobalCapabilityCentres #GCCNews #GCCTrends #GCCCommunity #GCCIndia #GCCLeaders #Leadership #AutoGCC #Nexteer #Webasto"
Regalia Business Parks,,2025-12-02T10:59:58.381Z,Manish Gupta; Rohit Gupta; Sriniketh Chakravarthi; Dr. Niranjan Hiranandani,linkedin_metadata,https://www.linkedin.com/posts/et-gcc_etgcc2025-etgccworld-leadership-activity-7401575854662860800-GzFN,"At the 2nd Edition of The Economic Times Global Capability Centers Annual Conclave 2025, Manish Gupta, Director–CRE, Regalia Business Parks, shares his perspective on how technology, people, and purpose are reshaping the future of Global Capability Centers.

Know More : https://lnkd.in/giYN9WM7

#ETGCC2025 #ETGCCWorld #Leadership #GlobalCapabilityCenters #Innovation #Transformation #GCCLeaders"
BCE Global Tech,,2025-11-26T15:12:45.527Z,Abdullah Zubair; Neel Mehta; Bhuvana Kamath,linkedin_metadata,https://www.linkedin.com/posts/et-gcc_etgcc2025-etgccworld-leadership-activity-7399465143090208768-osQQ,"Insights that inspire, ideas that ignite.
Catch Abdullah Zubair, Vice President, BCE Global Tech at The Economic Times Global Capability Centers Annual Conclave 2025, as they discuss the evolution of GCCs into strategic innovation powerhouses driving global impact.

Know More 👉 https://lnkd.in/giYN9WM7

#ETGCC2025 #ETGCCWorld #Leadership #GCCLeaders #GlobalCapabilityCenters #GCCCommunity #Innovation #DigitalTransformation"
Mastercard,,2025-12-01T11:10:40.546Z,Rajesh Mani; Saurabh Kumar,linkedin_metadata,https://www.linkedin.com/posts/et-gcc_gcc-mastercard-gccunplugged-activity-7401216160232480768-xwJY,"Every leader talks about culture. Few can explain how to build it across countries, teams and thousands of people.

In our latest episode of GCC Unplugged, Rajesh Mani of Mastercard provides a sharp view into how India’s GCCs are evolving and the capabilities they’re building for the next decade.

In conversation with Saurabh Kumar.

Full episode out now. 👇 
https://lnkd.in/gi-KFeuJ

#GCC #Mastercard #GCCUnplugged #Leadership #GCCLeaders #Podcast #GCCTrends #ETGCCWorld #GlobalCapabilityCentres #Technology #Culture #Hiring #GCCNews #IndustryTrends"
HabitNu,,2025-11-26T15:09:10.621Z,Joel Prabal; Sriniketh Chakravarthi,linkedin_metadata,https://www.linkedin.com/posts/et-gcc_etgcc2025-etgccworld-leadership-activity-7399464241709289472-MNPk,"Insights that inspire, ideas that ignite.
Catch Joel Prabal, Director, Marketing & Brand Stratergy, HabitNu at The Economic Times Global Capability Centers Annual Conclave 2025, as they discuss the evolution of GCCs into strategic innovation powerhouses driving global impact.

Know More 👉 https://lnkd.in/giYN9WM7

#ETGCC2025 #ETGCCWorld #Leadership #GCCLeaders #GlobalCapabilityCenters #GCCCommunity #Innovation #DigitalTransformation"
PwC India,,2025-11-26T15:06:37.613Z,Dheeraj Gangrade; Anahita Tiwari; Rajesh Kumar Ojha; Ramarko Sengupta; Tarun Sareen; Vivek Prasad,linkedin_metadata,https://www.linkedin.com/posts/et-gcc_etgccannualconclave2025-etgccworld-leadership-activity-7399463599947055105-gsy2,"Hear from Dheeraj Gangrade, Partner, Deputy Advisory, Leader Advisory, PwC India, as they share their take on the trends, transformations, and technologies shaping the future of Global Capability Centers at The Economic Times Global Capability Centers Annual Conclave 2025.

Know More 👉 https://lnkd.in/giYN9WM7

#ETGCCAnnualConclave2025 #ETGCCWorld #Leadership #GCC #GlobalCapabilityCenters #Innovation #GCCTrends #Transformation #FutureOfWork"""
Onsurity,,2025-11-26T15:02:04.192Z,Dinesh Menon; Kulin Shah; Rohit Gupta; Sriniketh Chakravarthi,linkedin_metadata,https://www.linkedin.com/posts/et-gcc_etgccannualconclave2025-etgccworld-leadership-activity-7399462453136277504-YmGg,"Insights that inspire, ideas that ignite.
Catch Dinesh Menon, Onsurity at The Economic Times Global Capability Centers Annual Conclave 2025, as they discuss the evolution of GCCs into strategic innovation powerhouses driving global impact.

Know More 👉 https://lnkd.in/giYN9WM7

#ETGCCAnnualConclave2025 #ETGCCWorld #Leadership #GCCLeaders #GlobalCapabilityCenters #GCCCommunity #Innovation #DigitalTransformation"
Kimberly-Clark,,2025-11-26T13:38:24.628Z,Ashish Das; Debasis Panda; Deena Dayalan; India GCC Leader; Harish R.; Romit Sen; Shantheri Mallaya; Urvashi Vaid Chhibber; Aparna Rao; Biswajit Panda; Jayashree Swaminathan; Manjunatha G; Nilesh Dipak Karani; Rency Mathew; Srinvas Kannan,linkedin_metadata,https://www.linkedin.com/posts/et-gcc_etgcc2025-etgcc2025-gcc-activity-7399441399558959104-cbv0,"Innovation doesn’t happen on tech islands anymore — it happens in networks.

At #ETGCC2025, the panel “Beyond Tech Islands: Engineering Synergies Across GCC Networks – Collaborate or Compete, Your Tech Future Depends on It” brought together leaders who are turning GCCs from isolated excellence centers into connected enterprise engines.

Featuring:

Manjunatha G, COE Engineering & Site Leader (GCC Head) - Global Technology Center, 3M

Deena Dayalan, India GCC Leader, CIO & GCC Center Head, Kimberly-Clark

Ashish Das, VP, India Country Head, Kaiser Permanente

Romit Sen, Sr Director of Product Management & India Site Leader, Blackhawk Network

Debasis Panda Senior Vice President and Head of TransUnion’s Global Capability Centers

Harish R., Director Sales, India - Uniphore

Urvashi Vaid Chhibber, Head DNE & GCC India, Fortinet
Moderator: Shantheri Mallaya

Key insights from the conversation

From projects to platforms
High-performing GCCs are moving away from one-off projects to platform-first models where data, products, and capabilities are built once and reused across businesses, markets, and functions.

GCCs as orchestrators, not order-takers
India hubs are increasingly acting as orchestrators of business outcomes—aligning engineering, data, security, and operations around shared OKRs instead of local success metrics.

Borderless innovation is the new baseline
Prototypes designed in India are now being tested, validated, and scaled globally, making GCC networks the default playground for experimentation, AI-native products, and faster time-to-market.

AI-native capability hubs by 2030
The shared vision: GCCs evolving into AI-native, enterprise-wide capability hubs—where 100% of roles touch AI in some way, 75% are human-augmented, and 25% are fully AI-driven.

#ETGCC2025 #GCC #GlobalCapabilityCenters #Engineering #Innovation #AI #DigitalTransformation #EcosystemThinking #ProductLeadership #FutureOfWork"
Sulzer,Pune,2025-12-01T09:50:35.296Z,Eduardo Serrano-Lobelo; Saurabh Gupta,linkedin_metadata,https://www.linkedin.com/posts/et-gcc_gcc-globalcapabilitycentres-gccleaders-activity-7401196005553131520-QZON,"""The Pune hub with its regional and global reach is built on the expertise of our Indian colleagues and an inspiring example of our company’s continuous evolution following the needs of our customers,"" said Suzanne Thoma, Executive Chairwoman of Sulzer.

The company said Pune was chosen for its robust talent pool, modern infrastructure and strategic location within India's thriving industrial ecosystem.

Read the full story. 👇 
https://lnkd.in/g8TNZWNq

Saurabh Gupta Eduardo Serrano-Lobelo

#GCC #GlobalCapabilityCentres #GCCLeaders #News #GCCNews #Innovation #IndustryTrends #GCCTrends #Sulzer #PuneGCC #Pune"
Broadridge,,2025-11-26T14:45:16.570Z,Rohit Gupta; Sriniketh Chakravarthi,ollama_qwen,https://www.linkedin.com/posts/et-gcc_winners-activity-7399458226863267840-gMJ-,"The session of rewards & recognition is here at #ETGCCAwards!🤩 Join us in congratulating our Winners! 

Excellence in BFSI Capability - Broadridge Financial Solutions
Excellence in Tech Visionary GCC - Intuit
Rakuten Symphony Site Management 
Legacy and Long Term Contribution GCC of the Year - Sun Life Global Solutions
GCC Rising star of the Year - BCE Global Tech
A Bell Canada Company
GCC Talent Architect of the Year - Maximus India

Regalia Business Parks 
#ETGCCAwards #TheEconomicTimes #GlobalCapabilityCenters #Leadership #GCC #Technology #GCCIndia #ETGCCAnnualConclave2025"
Parkar,,2025-11-26T14:20:20.972Z,Gaurav Singh; Rohit Gupta; Sriniketh Chakravarthi,linkedin_metadata,https://www.linkedin.com/posts/et-gcc_etgccannualconclave2025-etgccworld-leadership-activity-7399451953870860288-9OMb,"Insights that inspire, ideas that ignite.
Catch Gaurav Singh, CEO, Parkar at The Economic Times Global Capability Centers Annual Conclave 2025, as they discuss the evolution of GCCs into strategic innovation powerhouses driving global impact.

Know More 👉 https://lnkd.in/giYN9WM7

#ETGCCAnnualConclave2025 #ETGCCWorld #Leadership #GCCLeaders #GlobalCapabilityCenters #GCCCommunity #Innovation #DigitalTransformation"
Franklin Templeton Investment Solutions (FTIS),Chennai,2025-11-26T12:18:18.129Z,Aparna Rao; Biswajit Panda; Dwani Shah; Jayashree Swaminathan; Kedar Kasture; Nilesh Dipak Karani; Shipra Malhotra,linkedin_metadata,https://www.linkedin.com/posts/et-gcc_etgcc2025-etgccworld-leadership-activity-7399421239641067520-D9Jr,"Scale. Speed. Sustainability, The new blueprint for GCC growth.

The session “Future-Proofing GCC Infrastructure for Scale, Speed & Sustainability” explores how today’s capability centers are evolving from traditional delivery hubs into dynamic innovation campuses designed for agility and impact.

Featuring:
• Kedar Kasture, Senior Vice President – Investment Operations & Head – Corporate Center India, Franklin Templeton Investment Solutions (FTIS) Investments
• Aparna Rao, VP & MD/Centre Head, CBS India & Malaysia, Cencora 
• Monika Portharkar, Senior Vice President, Medline India 
• Jayashree Swaminathan, COO, Serving & Transacting, WRB Operations and Interim Head, Global Business Services – Chennai, Standard Chartered Bank
• Biswajit Panda, India GCC Head, NielsenIQ India
• Nilesh Dipak Karani, Managing Director, Waters Global Capabilities Center
• Dwani Shah, Head of Workplace Strategy, Space Matrix 
Moderated by Shipra Malhotra ET B2B

A deep dive into how infrastructure, innovation, and intent are converging to power the next generation of sustainable GCC ecosystems.

#ETGCC2025 #ETGCCWorld #Leadership #GCC #GlobalCapabilityCenters #GCCNews #GCCTrends #GCCCommunity"
R Systems,,2025-11-26T12:37:01.079Z,Nitesh Bansal; Ashok Chawla; Rohit Gupta; Sriniketh Chakravarthi,linkedin_metadata,https://www.linkedin.com/posts/et-gcc_etgcc2025-etgccworld-leadership-activity-7399425949634764800-VqAo,"Nitesh Bansal, CEO, R Systems, reflects on a defining shift in the GCC narrative, a moment where capability centers evolve from simply doing more to truly meaning more.

As GCCs move beyond operational efficiency toward value creation, innovation, and strategic impact, he highlights how purpose-led transformation, empowered talent, and technology-driven excellence are shaping the next chapter of global capability leadership.

#ETGCC2025 #ETGCCWorld #Leadership #GCC #GlobalCapabilityCenters #GCCTrends #GCCNews #GCCCommunity #GCCLeaders #RSystems"
OutSystems,,2025-11-26T11:44:18.817Z,Bhagyashree Wattal; Krishnakumar Gangaatharan,ollama_qwen,https://www.linkedin.com/posts/et-gcc_etgcc2025-etgccworld-leadership-activity-7399412686146564096-Vmvy,"In a fast-moving digital landscape, OutSystems is empowering enterprises to build, scale, and transform faster through high-performance low-code innovation.

At the 2nd Edition of The Economic Times Global Capability Centers Annual Conclave 2025, the spotlight turns to how OutSystems is helping GCCs unlock rapid development, seamless integration, and sustainable innovation — turning bold ideas into scalable impact.

#ETGCC2025 #ETGCCWorld #Leadership #GCC #GCCTrends #GCCCommunity #GCCLeaders #OutSystems"
Confluent,,2025-11-26T09:07:01.413Z,Harsh Singla; Agastee Khante,linkedin_metadata,https://www.linkedin.com/posts/et-gcc_etgccannualconclave2025-etgccworld-leadership-activity-7399373102805090304-IaTz,"Hear from Harsh Singla, Regional Sales Director, Confluent, as they share their take on the trends, transformations, and technologies shaping the future of Global Capability Centers at The Economic Times Global Capability Centers Annual Conclave 2025.

Know More 👉 https://lnkd.in/giYN9WM7

#ETGCCAnnualConclave2025 #ETGCCWorld #Leadership #GCC #GlobalCapabilityCenters #Innovation #GCCTrends #Transformation #FutureOfWork"
Visa,Bengaluru,2025-11-26T11:42:10.825Z,Anjali Singh; Harish Maheshwari; Sudha KV; Vaishnavi D.; Vikram Kolar,linkedin_metadata,https://www.linkedin.com/posts/et-gcc_etgcc2025-etgcc2025-gcc-activity-7399412149309087744-ixqG,"“AI that thinks was yesterday. AI that acts is where GCCs step in.”

At #ETGCC2025, the panel “Rewriting the Rules: AI that Acts, GCCs that Lead” brought together leaders who are not just talking about AI agents—but already wiring them into how global enterprises run.

Featuring :

Vikram Kolar, Senior Vice President- Data Platform, Site Head-Bengaluru, Visa 
Anjali Singh, GBS Head, Ericsson 
Sudha KV, VP Software Engineering and ISG India Site Head, Dell Technologies
Harish Maheshwari, Director Finance system & Data, Thomson Reuters
Moderator: Vaishnavi D.

Key insights from the conversation

Agentic AI is no longer theory. From Ericsson’s end-to-end, AI-orchestrated L&D workflows to Visa’s intelligent commerce and fraud models, GCCs are moving beyond POCs to production, with 30–60% efficiency gains and radically faster turnaround times.

The tech stack is only half the story. The panel dug into the real plumbing of AI-at-scale: GPU-heavy infra, data platforms, semantic layers, DevOps and MLOps, observability, and governance that acts like brakes on a race car—the very thing that lets you go faster with control.

But the sharpest shift is human. Transactional roles are giving way to DevOps thinkers, hybrid “AI + human” operators, citizen developers, and domain-led AI talent. The message was clear: AI will retire some tasks, but create entirely new careers—if leaders invest in upskilling and bring their people along.

#ETGCC2025 #GCC #GlobalCapabilityCenters #AIInnovation #AgenticAI #FutureOfWork #DigitalTransformation #DataPlatform #Leadership #EnterpriseAI"
HealthEdge,,2025-11-26T08:57:15.429Z,Anjani Madhavi; Debroop Roy; Ramesh Alluri Reddy,linkedin_metadata,https://www.linkedin.com/posts/et-gcc_etgcc2025-etgccworld-leadership-activity-7399370645010173952-MsW6,"When AI accelerates, people don’t become less important — they become the differentiator.

At the 2nd Edition of The Economic Times Global Capability Centers Annual Conclave 2025, the session “Empowering People for AI Transition” brought clarity to one crucial truth:
GCCs can’t win the AI race without preparing their people to run it.

Featuring:
• Anjani Madhavi, VP & India Site Leader, HealthEdge
• Ramesh Alluri Reddy, Managing Director, Allegis Group India
Moderator : Debroop Roy, The Economic Times

Together, they unpacked the new playbook for people-centered transformation — where AI fluency becomes foundational, hybrid teams become the norm, and leaders shift from managing workflows to building confidence, capability, and continuous learning.

#ETGCC2025 #ETGCCWorld #Leadership #GCC #GlobalCapabilityCenters #GCCNews #GCCTrends #GCCCommunity #GCCLeaders"
Availity,,2025-11-26T08:21:44.064Z,Anuprita Bhattacharya; Kulin Shah; Rajeev Kapoor; Rency Mathew; Vaishnavi D.; Vineet Dwivedi; Vybhava Srinivasan,linkedin_metadata,https://www.linkedin.com/posts/et-gcc_etgcc2025-etgccworld-leadership-activity-7399361705417326592-OcO4,"The Panel Discussion: “The New GCC Workforce Equation: Bridging Generational Diversity & AI for Sustainable Success” at the 2nd Edition of The Economic Times Global Capability Centers Annual Conclave 2025 dives into how leaders are blending human potential with artificial intelligence to build resilient, future-ready workforces.

Featuring:
• Vybhava Srinivasan, Managing Director, Availity India & Vice President, Availity
• Rency Mathew, MD & People Leader for APAC, Sabre Corporation
• Vineet Dwivedi, VP, Global Head, Alcon Global Services
• Rajeev Kapoor, Country Head, Curriculum Associates
• Anuprita Bhattacharya, Head, Merck IT Center (MITC) & IT Country Head, India
• Kulin Shah, Co-founder & COO, Onsurity
Moderated by Vaishnavi D., The Economic Times

A deep-dive into balancing experience with innovation, empathy with intelligence, and people with purpose — redefining what it means to lead the next-generation GCC workforce.

#ETGCC2025 #ETGCCWorld #Leadership #GCC #GlobalCapabilityCenters #GCCNews #GCCTrends #GCCCommunity #GCCLeaders"
Writer Information,,2025-11-26T08:44:11.471Z,Sushant Purushan,linkedin_metadata,https://www.linkedin.com/posts/et-gcc_etgcc2025-etgccworld-leadership-activity-7399367356852047872-oJa0,"Sushant Purushan, Sr. VP, Head Sales and Business Development, Writer Information, speaks at The Economic Times Global Capability Centers Annual Conclave 2025, highlighting the strategies and leadership shifts shaping the future of GCCs and enterprise innovation.

#ETGCC2025 #ETGCCWorld #Leadership #GCCTrends #GCCCommunity #FutureOfWork #Innovation"
Hitachi Energy,,2025-11-26T09:38:42.444Z,Jano Mottiani; Jonas Olsson; Mukta Arora; Srinivas Kannan; Vinika Yadav,linkedin_metadata,https://www.linkedin.com/posts/et-gcc_etgcc2025-etgccworld-leadership-activity-7399381076307017728-bm-G,"Behind every great GCC is a greater question — are we hiring for titles or true talent?

At the 2nd Edition of The Economic Times Global Capability Centers Annual Conclave 2025, the session “The Talent Charade: Time to Rethink the GCC Workforce” sparks an honest conversation on redefining how organizations identify, nurture, and retain capabilities in the age of transformation.

Featuring:
• Vinika Yadav, CSS India Center Head & HR Operations Head for SEA and MEA, Hitachi Energy
• Mukta Arora, Managing Director, Astellas Pharma GCC
• Jonas Olsson, Head of India Tech Hub, Volvo Cars
• Srinivas Kannan, Global Leader – Transitions, Transformations & Project Management, The Magnum Ice Cream Company
• Jano Mottiani, Founder, Reed & Willow, Talent Advisors
Moderated by Soumik Ghosh

Because in the race to attract talent, the real winners are those building capabilities that last.

#ETGCC2025 #ETGCCWorld #Leadership #GCC #GlobalCapabilityCenters #GCCNews #GCCTrends #GCCCommunity #GCCLeader"
UnifyApps,,2025-11-26T07:38:56.600Z,Subrato Bandhu,ollama_qwen,https://www.linkedin.com/posts/et-gcc_etgcc2025-etgccworld-leadership-activity-7399350936692936704-FTm3,"In the Partner Presentation by UnifyApps at the 2nd Edition of The Economic Times Global Capability Centers Annual Conclave 2025, the spotlight shines on how unified data, automated workflows, and AI-driven insights are transforming the GCC landscape.

By bridging silos and accelerating digital collaboration, UnifyApps demonstrates how enterprises can enhance agility, boost efficiency, and unlock the next level of intelligent operations.

#ETGCC2025 #ETGCCWorld #Leadership #GCC #GlobalCapabilityCenters #GCCNews #GCCTrends #GCCCommunity #GCCLeaders #UnifyApps"
Dell Technologies,,2025-11-26T07:02:57.535Z,K Vishwanath Acharya; Sudha KV; Rohit Gupta; Sriniketh Chakravarthi,ollama_qwen,https://www.linkedin.com/posts/et-gcc_etgcc2025-etgccworld-leadership-activity-7399341880917991424-onhk,"In the Partner Presentation by Dell Technologies at the 2nd Edition of The Economic Times Global Capability Centers Annual Conclave 2025, the focus is on how cutting-edge infrastructure, intelligent solutions, and digital innovation are empowering GCCs to evolve faster and smarter.

From redefining scalability to enabling secure, data-driven ecosystems Dell Technologies continues to shape the backbone of tomorrow’s enterprise transformation.

#ETGCC2025 #ETGCCWorld #Leadership #GCC #GlobalCapabilityCenters #GCCNews #GCCTrends #DellTechnologies"
The buzz,,2025-11-26T04:36:10.624Z,Rohit Gupta; Sriniketh Chakravarthi,ollama_qwen,https://www.linkedin.com/posts/et-gcc_etgcc2025-etgccworld-leadership-activity-7399304942055960576-EO86,"The buzz is real, and the excitement is building! 

Registrations are in full swing at the 2nd Edition of The Economic Times Global Capability Centers Annual Conclave 2025 — where industry pioneers, innovators, and changemakers are coming together to shape the future of India’s GCC landscape.

From data-driven transformation to talent-led innovation, today’s conversations are setting the tone for the next era of global capability excellence.

#ETGCC2025 #ETGCCWorld #Leadership #GCC #GlobalCapabilityCenters #GCCNews #GCCTrends #GCCCommunity #GCCLeaders"
Space Matrix,,2025-11-25T12:36:00.153Z,Dwani Shah,ollama_qwen,https://www.linkedin.com/posts/et-gcc_etgccannualconclave2025-etgccworld-leadership-activity-7399063306226864128-005M,"Space Matrix joins the 2nd Edition of The Economic Times Global Capability Centers Annual Conclave 2025 as a Silver Partner.

A global workplace design and build powerhouse, Space Matrix transforms environments into experiences, creating dynamic, human-centric workspaces that foster collaboration, creativity, and culture for today’s leading GCCs and enterprises.

Express Interest: https://lnkd.in/gxUEJJ_B

#ETGCCAnnualConclave2025 #ETGCCWorld #Leadership #GCC #GlobalCapabilityCenters #GCCTrends #GCCCommunity #GCCLeaders #SpaceMatrix"
"Mohammad Kaif, Former Indian Cricketer,",,2025-11-25T12:33:21.057Z,Rohit Gupta; Sriniketh Chakravarthi,ollama_qwen,https://www.linkedin.com/posts/et-gcc_etgccannualconclave2025-etgccworld-leadership-activity-7399062638929948672-wrXQ,"Mohammad Kaif, Former Indian Cricketer, will shares his insights at the 2nd Edition of The Economic Times Global Capability Centers Annual Conclave 2025, reflecting on how focus, teamwork, and resilience power success — whether in sports or business.

Watch how the spirit of sport inspires the future of leadership.

 Register Now: https://lnkd.in/gxUEJJ_B

#ETGCCAnnualConclave2025 #ETGCCWorld #Leadership #GCC #GlobalCapabilityCenters #MohammadKaif"
Xoxoday,,2025-11-25T11:59:24.339Z,,ollama_qwen,https://www.linkedin.com/posts/et-gcc_etgccannualconclave2025-etgccworld-leadership-activity-7399054096315580416-aXBc,"Xoxoday joins the 2nd Edition of The Economic Times Global Capability Centers Annual Conclave 2025 as a Supporting Partner.

Powering rewards, incentives, and loyalty programs for over 5,000 global enterprises, Xoxoday helps organizations enhance employee, customer, and partner engagement. With its award-winning suite of products. Empuls, Plum, Compass, Loyalife, and Loopr — Xoxoday is redefining how businesses inspire performance, drive retention, and build lasting connections.

Express Interest: https://lnkd.in/gxUEJJ_B

#ETGCCAnnualConclave2025 #ETGCCWorld #Leadership #GCC #GlobalCapabilityCenters #GCCTrends #GCCCommunity #GCCLeaders #Xoxoday"
Fortinet,,2025-11-25T11:01:36.529Z,Urvashi Vaid Chhibber,linkedin_metadata,https://www.linkedin.com/posts/et-gcc_etgccannualconclave2025-etgccworld-leadership-activity-7399039551266275328-zynn,"Urvashi Vaid Chhibber, Head DNE & GCC India, Fortinet, brings her expertise in technology leadership, market expansion, and strategic operations to the 2nd Edition of The Economic Times Global Capability Centers Annual Conclave 2025.

With a strong focus on collaboration, innovation, and scalable growth, she continues to build high-performing teams and partnerships that drive sustainable business transformation.

Register Now: https://lnkd.in/gxUEJJ_B

#ETGCCAnnualConclave2025 #ETGCCWorld #Leadership #GCC #GlobalCapabilityCenters #GCCTrends #GCCCommunity #GCCLeaders #Fortinet"
StatusNeo,,2025-11-25T10:32:51.420Z,,ollama_qwen,https://www.linkedin.com/posts/et-gcc_etgccannualconclave2025-etgccworld-leadership-activity-7399032315634597888-Jo7K,"StatusNeo joins the 2nd Edition of The Economic Times Global Capability Centers Annual Conclave 2025 as a Supporting Partner.

A global technology consulting firm, StatusNeo empowers organizations to accelerate digital transformation through its expertise in AI, cloud, DevOps, data, and product engineering, creating value-driven solutions that redefine agility, performance, and innovation.

🚀 Shaping smarter enterprises for a dynamic future.
Express Interest: https://lnkd.in/gxUEJJ_B

#ETGCCAnnualConclave2025 #ETGCCWorld #Leadership #GCC #GlobalCapabilityCenters #GCCTrends #GCCCommunity"
Uniphore,,2025-11-24T12:30:06.440Z,Harish R.; Rohit Gupta; Sriniketh Chakravarthi,linkedin_metadata,https://www.linkedin.com/posts/et-gcc_etgccannualconclave2025-etgccworld-leadership-activity-7398699434781368320-cdOi,"Harish R., Director Sales, Uniphore India, brings nearly two decades of sales leadership and AI-driven transformation expertise to the 2nd Edition of The Economic Times Global Capability Centers Annual Conclave 2025.

At the forefront of conversational AI, he is shaping how enterprises elevate customer experience — transforming every interaction into a seamless, human-like exchange powered by data, intelligence, and empathy. His mission: to build smarter, more intuitive enterprises that communicate with purpose and precision.

Express Interest: https://lnkd.in/gxUEJJ_B

#ETGCCAnnualConclave2025 #ETGCCWorld #Leadership #GCC #GlobalCapabilityCenters #GCCTrends #GCCCommunity #GCCLeaders #Uniphore"
Workelevate,,2025-11-25T02:02:46.908Z,Rohit Gupta; Sriniketh Chakravarthi,ollama_qwen,https://www.linkedin.com/posts/et-gcc_etgccannualconclave2025-etgccworld-leadership-activity-7398903951007461376-D_te,"Workelevate by Progressive joins the 2nd Edition of The Economic Times Global Capability Centers Annual Conclave 2025 as a Supporting Partner.

An AI-powered Digital Workplace Platform, proudly built in India and designed for the world, Workelevate is transforming enterprise IT support and employee experience through automation, intelligence, and human-centric design. Recognized by Gartner, ISG, and Forrester, it integrates seamlessly with over 50 enterprise tools — including Microsoft Teams, Slack, and ServiceNow — to deliver measurable business impact and enhanced productivity.

Express Interest: https://lnkd.in/gxUEJJ_B

#ETGCCAnnualConclave2025 #ETGCCWorld #Leadership #GCC #GlobalCapabilityCenters #GCCTrends #GCCCommunity #GCCLeaders #Workelevate #Progressive #DigitalTransformation #AI #FutureOfWork"
Tata Communications,,2025-11-24T08:30:05.251Z,,ollama_qwen,https://www.linkedin.com/posts/et-gcc_etgccannualconclave2025-etgccworld-leadership-activity-7398639031816810496-n7P8,"Tata Communications, a global leader in digital ecosystems, steps in as an Associate Partner for the 2nd Edition of The Economic Times Global Capability Centers Annual Conclave 2025.

From powering enterprises with seamless, secure networks to enabling innovation through cloud, IoT, and next-gen mobility — Tata Communications is transforming the way GCCs communicate, create, and compete in a connected world.

Express Interest : https://lnkd.in/gxUEJJ_B

#ETGCCAnnualConclave2025 #ETGCCWorld #Leadership #GCC #GlobalCapabilityCenters #GCCTrends #GCCCommunity #GCCLeaders #TataCommunications"
Northern Trust,,2025-11-24T05:38:03.011Z,Akash Jain; Chandramouliswaran V; PhD; Debasis Panda; GNV Subba Rao; Jonas Olsson; Ramkumar Narayanan; Sudish Lambodara Panicker,linkedin_metadata,https://www.linkedin.com/posts/et-gcc_etgcc-etgcc2025-etgccworld-activity-7398595737204424704-Ng1n,"India’s GCC story is moving from scale to substance—and this room is where the next playbook gets written. Expect candid takes on product thinking, AI leverage, and operating models that travel across geos.

Featuring:
• Veda Persad, Head, Service Level Governance & Reporting — Northern Trust
 • Akash Jain, India Leader, Cat Digital — Caterpillar Inc.
 • Jonas Olsson, Head — Volvo Cars India Tech Hub
 • Debasis Panda, Senior Vice President, Operations & Head — TransUnion GCCs
 • Chandramouliswaran V, PhD , VP, AI Productivity — PayPal India
 • Sudish Lambodara Panicker, Managing Director — BNY India
 • GNV Subba Rao, Whole-time Director — ABB Global Industries Services Pvt Ltd
 • Ramkumar Narayanan, EVP; Head of India & Philippines — FIS

Express Interest: https://shorturl.at/5CPen

#ETGCC #ETGCC2025 #ETGCCWorld #GCC #Leadership #GCCNews #GCCTrends #GCCCommunity #GlobalCapabilityCentres #DigitalTransformation #FutureOfWork #Innovation"
OakNorth,,2025-11-20T12:29:25.471Z,Sriniketh Chakravarthi,ollama_qwen,https://www.linkedin.com/posts/et-gcc_gcc-globalcapabilitycentres-gccindia-activity-7397249711482552320-YQdI,"OakNorth is one of the world’s fastest growing commercial banks, last valued at $2.8 billion in 2019.

At present, India now hosts two-thirds of OakNorth’s workforce, with a major chunk of employees who hold senior leadership roles, driving the company’s global AI efforts.

The  new centre will primarily house technology, data, and analytics teams that develop tools to enhance the speed and predictiveness of its commercial lending solutions.

Read the full story. 👇 
https://lnkd.in/gMm4Y3vR

#GCC #GlobalCapabilityCentres #GCCIndia #GCCCommunity #GCCTrends #GCCNews #GurugramGCC #Oaknorth #AI #Finance #News #GCCLeaders #Leadership"
Yara International,,2025-11-22T05:31:54.011Z,Suchithra Prabhu,linkedin_metadata,https://www.linkedin.com/posts/et-gcc_gcc-globalcapabilitycentres-gccleaders-activity-7397869413775003648-xhp9,"“When some days become too long, I try to manage the other days with fewer calls,” said Suchithra Prabhu, Global Director, Development Centers of Excellence at Yara International, stressing how much of that workload can be reduced through honest discussions.

In this week's newsletter, we cover something seldom talked about and what often remains a behind-the-scenes discussion for an industry that is only set to grow at breakneck speed. 

Read and subscribe 👇 
https://lnkd.in/gzYFN7_f

#GCC #GlobalCapabilityCentres #GCCLeaders #GCCCommunity #GCCNews #GCCTrends #GCCIndia #IndustryTrends #Stress #Health #Hustle #GCCWeekly #Newsletter #ETGCCWorld"
Epsilon India,,2025-11-20T10:55:21.233Z,Pratik Nath,linkedin_metadata,https://www.linkedin.com/posts/et-gcc_gcc-globalcapabilitycentres-gccleaders-activity-7397226037832503296-Tx23,"“Growth won’t come from how many people you hire, it will be determined by the value and outcomes you deliver, often with fewer people and more AI,"" said Pratik Nath, Managing Director, Epsilon India.

Ten years ago, Epsilon set up its India presence to build core engineering and delivery capabilities. Today, it is a centre with end-to-end ownership across product development, analytics, operations, finance, delivery, and increasingly, AI strategy.

Read the full story. 👇 
https://lnkd.in/gBMjRxgT

#GCC #GlobalCapabilityCentres #GCCLeaders #GCCTrends #IndustryTrends #Epsilon #AI #MarTech #Leadership #GCCNews #GCCIndia #BengaluruGCC"
Sony India,Bengaluru,2025-11-20T11:47:49.161Z,Anjali Singh; David Cotter; Dr. Subramani Ramakrishnan; Girish Bhat; Kamal Sharma; Monika Potharkar; Vinika Yadav,linkedin_metadata,https://www.linkedin.com/posts/et-gcc_etgccannualconclave2025-etgccworld-leadership-activity-7397239241199763459-sXfC,"Take a peek into the future.

At the 2nd Edition of The Economic Times Global Capability Centers Annual Conclave 2025, industry leaders come together to share strategies shaping 
the next phase of India’s GCC evolution:

• Girish Bhat, Head, Delivery & Technology Centre – India, Sony India Software Centre
 • Anjali Singh, Global Business Services Head, Ericsson
 • Kamal Sharma, Global Connected Hubs Leader, Carrier
 • Dr. Subramani Ramakrishnan, Country Manager, UPS India Technology Centre
 • Vinika Yadav, Center Head and HR Operations Lead SEA & MEA, CSS Bangalore, Hitachi Energy
 • Monika Potharkar, SVP, Medline India
 • David Cotter, Vice President – General Manager, Eli Lilly and Company Bengaluru

Express Your Interest: https://shorturl.at/5CPen

#ETGCCAnnualConclave2025 #ETGCCWorld #Leadership #GCC #GlobalCapabilityCenters #GCCNews #GCCTrends #GCCCommunity #GCCLeaders"
Sennheiser,,2025-11-22T06:30:01.894Z,,ollama_qwen,https://www.linkedin.com/posts/et-gcc_etgccannualconclave2025-etgccworld-leadership-activity-7397884043016646656-CB5R,"Sennheiser joins the 2nd Edition of The Economic Times Global Capability Centers Annual Conclave 2025 as the Supporting Partner.

A global pioneer in audio innovation, Sennheiser continues to empower enterprises with cutting-edge sound solutions that enhance communication, creativity, and connection, setting new benchmarks for performance and productivity in modern workplaces.

Express Your Interest: https://shorturl.at/5CPen

#ETGCCAnnualConclave2025 #ETGCCWorld #Leadership #GCC #GlobalCapabilityCenters #GCCNews #GCCTrends #GCCCommunity #GCCLeaders #Sennheiser"
JLR,,2025-11-21T10:50:56.009Z,Lalitha Indrakanti; Saurabh Kumar,linkedin_metadata,https://www.linkedin.com/posts/et-gcc_gcc-globalcapabilitycentres-gcccommunity-activity-7397587313268154369-u3TF,"Leadership isn’t built in comfort. It’s built in scrutiny. 

Few industries make you feel that as sharply as GCCs do.

In this episode of GCC Unplugged, Lalitha Indrakanti, CEO of JLR Technology and Business Services, unpacks the realities of leading global work from India, from the pressure to the deep sense of purpose that keeps leaders moving.

In conversation with Saurabh Kumar.

Full episode out now. 👇 

https://lnkd.in/ggK_Sj7Q

#GCC #GlobalCapabilityCentres #GCCCommunity #GCCLeader #GCCUnplugged #ETGCCWorld #Leadership #GCCTrends #IndustryTrends #JLR"
This shift,,2025-11-18T11:05:43.609Z,,ollama_qwen,https://www.linkedin.com/posts/et-gcc_gcc-gccnews-globalcapabilitycentres-activity-7396503872535478273-ACYS,"This shift is already reshaping roles across the board: 27 per cent of mid-level tech jobs and 25 per cent of junior tech roles are being redesigned. 

New roles such as AI governance architects, prompt engineers, and GenAI product owners are gaining traction, while legacy roles like L1 IT support and manual QA are being phased out.

Read the full story 👇 
https://lnkd.in/gNYBG88W

#GCC #GCCNews #GlobalCapabilityCentres #GCCCommunity #GCCTrends #IndustryTrends #ETGCCWorld #GCCIndia #GCCJobs #GCCHiring #News #ETGCCWorld"
Reed & Willow,,2025-11-16T05:45:06.402Z,Jano Mottiani; Reed & Willow,linkedin_metadata,https://www.linkedin.com/posts/et-gcc_etgccannualconclave2025-etgccworld-janomottiani-activity-7395698410110181376-Xpnn,"At the 2nd Edition of The Economic Times Global Capability Centers Annual Conclave 2025, Jano Mottiani, Founder, Reed & Willow, Talent Advisors, will share how empathy, intent, and intelligence are reshaping talent strategies in today’s GCC landscape.

Through her journey, from transforming recruitment into a profession of depth and purpose to helping leaders and candidates align ambition with impact, Jano continues to champion the human side of business transformation.

🔗 Register Now: https://lnkd.in/gxUEJJ_B

#ETGCCAnnualConclave2025 #ETGCCWorld #JanoMottiani #ReedAndWillow #Leadership #TalentStrategy #GCC #GlobalCapabilityCenters"
Fujitsu,,2025-11-15T03:55:44.906Z,Manoj Nair,linkedin_metadata,https://www.linkedin.com/posts/et-gcc_gcc-globalcapabilitycentres-gccnews-activity-7395308501335568384-FUY4,"“We also work with global partners like NVIDIA to deliver advanced solutions. On the network side, we are innovating beyond 5G to deliver next-generation connectivity solutions,” said Manoj Nair of Fujitsu.

Employees at the India business unit receive training that includes language, cultural nuances, and business context, enabling collaboration with the country. Beyond Japan, the local teams are supporting regions such as the Americas, Europe, and Asia-Pacific.

In this week's edition of our newsletter, we cover how the age-old civilisational bond between Japan and India is evolving into a powerful, albeit much-needed economic symbiosis.

Read and subscribe 👇 
https://lnkd.in/gzYFN7_f

#GCC #GlobalCapabilityCentres #GCCNews #GCCTrends #GCCCommunity #GCCLeaders #Leadership #IndustryTrends #Newsletter #GCCWeekly #ETGCCWorld"
Broadridge India,,2025-11-06T05:59:49.573Z,Biju Raj Payoli Komath,linkedin_metadata,https://www.linkedin.com/posts/et-gcc_gcc-globalcapabilitycentres-gccleaders-activity-7392078235741736960-ZW2c,"“Even in emerging technologies like AI, we’re driving Broadridge’s transformation into a platform business. From enterprise platform leadership to key decision-makers and architects…a lot of that happens right here in India. That’s fairly core to what we are trying to achieve,” said Biju Raj of Broadridge India.

Some of its clientele includes Bank of America, JPMorgan Chase & Co., and Wells Fargo.

As Broadridge transitions toward a more platform-driven enterprise, the India centers are expected to play a defining role in areas where AI, blockchain, and tokenisation intersect with traditional financial infrastructure.

Read the full story. 👇 
https://lnkd.in/eSZ23JHT

#GCC #GlobalCapabilityCentres #GCCLeaders #Leadership #Broadridge #GCCCommunity #IndustryTrends #GCCTrends #AI #Blockchain"
SLB,,2025-11-08T11:07:29.778Z,Abuzar Manager,linkedin_metadata,https://www.linkedin.com/posts/et-gcc_gcc-globalcapabilitycentres-gcccommunity-activity-7392880439184646144-8Kw6,"Inside some global capability centres, petroleum engineers are learning to speak data; coders are learning the grammar of geology.

""The true strength of SLB is in its people, technology, and performance,"" said Abuzar Manager, Global Head of IT Centres at SLB.

In this edition of the GCC Weekly, we cover the changing dynamics of global energy companies and how the future is being written in an entirely different realm of possibilities.

Read and subscribe to our newsletter. 👇

https://lnkd.in/gMiXRXgG

#GCC #GlobalCapabilityCentres #GCCCommunity #GCCLeaders #Leadership #GCCNews #Energy #Chevron #SLB #bp #ETGCCWorld #GCCWeekly #Newsletter"
LSEG,,2025-11-10T04:29:23.919Z,Sandeep Shrivastava,linkedin_metadata,https://www.linkedin.com/posts/et-gcc_gcc-globalcapabilitycentres-gccnews-activity-7393505030361886720-ZiPg,"“A major portion of our staff is from the operations team. Efficiency, which is doing things at scale, is one of our key deliverables,” said Sandeep Shrivastava, who leads the India operations for LSEG.

Beyond operations, product development has become another major focus for the India center.

At present, the team plays an end-to-end role by collaborating with engineering and AI experts across the organisation to roll out solutions.

Read the full story. 👇 
https://lnkd.in/gnSjJUCv

#GCC #GlobalCapabilityCentres #GCCNews #GCCTrends #GCCLeaders #Leadership #IndustryTrends #LSEG #FinancialServices #AI"
A.P. Moller - Maersk,,2025-11-12T04:31:28.613Z,AMIT TANDON,linkedin_metadata,https://www.linkedin.com/posts/et-gcc_gcc-globalcapabilitycentres-gccnews-activity-7394230329097506816-kKu1,"“You can no longer separate the tech setup at home and in-office. The digital twin experience must be seamless, secure, and intuitive. That digital twin approach is one reason why GCCs are leaning heavily into automation, cloud-first architectures, and Internet of Things platforms,"" said AMIT TANDON of A.P. Moller - Maersk.

India’s GCCs are increasingly breathing life into these simulations, tuning abstract data into living, learning digital ecosystems for some of the world’s largest enterprises.

Read the full story 👇 
https://lnkd.in/gQ9hTXJX

#GCC #GlobalCapabilityCentres #GCCNews #GCCTrends #GCCCommunity #IndustryTrends #DigitalTwins #GCCLeaders #IndustryNews #Business #BusinessNews"
Marvell Technology,,2025-11-13T05:54:18.632Z,Apoorva Shukla; Navin Bishnoi; Jitendra Chaddah (JC),linkedin_metadata,https://www.linkedin.com/posts/et-gcc_gcc-globalcapabilitycentres-semiconductors-activity-7394613562733801472-qc15,"""AI has changed all of that.”

In this episode of Coffee Break Chat with Navin Bishnoi of Marvell Technology, this one line summed up the shift we’re all witnessing.

Technologies that once took years to scale now reach millions in months. Product cycles are shorter. Performance demands are higher.

Navin shares how this acceleration is reshaping the entire semiconductor stack, from design and IP development to networking, data movement, and talent strategy.

In conversation with Apoorva Shukla  

Full video now out 👇 
https://lnkd.in/geYxkfMs

#GCC #GlobalCapabilityCentres #Semiconductors #SemiconductorGCC #GCCLeaders #GCCCommunity #GCCNews #GCCTrends #IndustryTrends #AI #Leadership #Marvell"
Vertiv India,Pune,2025-11-13T11:31:11.522Z,Subhasis Majumdar,linkedin_metadata,https://www.linkedin.com/posts/et-gcc_gcc-globalcapabilitycentres-technology-activity-7394698341739192322-WLR-,"“Pune has become a strategic global delivery hub for Vertiv, with plans to scale rapidly. With the surge in AI investments in the data centre space, we expect a significant demand for a skilled, adapted, and updated workforce,” said Subhasis Majumdar, Managing Director, Vertiv India. 

The launch includes a training academy and builds on India’s growing importance as a data centre and engineering base.

Read the full story👇 
https://lnkd.in/g5GrVX8k

#GCC #GlobalCapabilityCentres #Technology #Research #DataCentres #AI #GCCNews #IndustryNews #TechNews #News #ETGCCWorld #GCCTrends #IndustryTrends #GCCCommunity #Pune"
Microchip Technology India,Bengaluru,2025-11-13T14:54:25.708Z,Srikanth Settikere,linkedin_metadata,https://www.linkedin.com/posts/et-gcc_gcc-globalcapabilitycentres-gcccommunity-activity-7394749487862341632-RoaE,"“With India contributing to nearly 20 per cent of global semiconductor design talent, our new Bengaluru facility will sharpen our advanced IC design focus and strengthen our engagement in one of the country’s most dynamic technology hubs,” said Srikanth Settikere of Microchip Technology India.

The new facility will operate as an extension of the company's existing Bengaluru Development Center, with plans to accommodate more than 3,000 employees over the next 10 years.

Read the full story 👇 
https://lnkd.in/gN9aP-gY

#GCC #GlobalCapabilityCentres #GCCCommunity #Bengaluru #BengaluruGCC #GCCNews #GCCTrends #GCCLeaders #Leadership #News #Microchip"
Behind every corporate net-zero milestone worldwide,,2025-11-01T07:42:57.924Z,Rohit Gupta; Sriniketh Chakravarthi,ollama_qwen,https://www.linkedin.com/posts/et-gcc_gcc-globalcapabilitycentres-gccnews-activity-7390292252238962688-7TX0,"Behind every corporate net-zero milestone worldwide is a team in India designing, testing, and scaling the green tech that makes it real.

A recent EY India report found that 51 per cent of Indian GCCs are now actively supporting global environmental, social and governance agendas in areas such as supplier risk management, emissions data, and sustainability reporting.

Read and subscribe to our weekly GCC newsletter 👇 

https://lnkd.in/gzYFN7_f

#GCC #GlobalCapabilityCentres #GCCNews #Trends #IndustryTrends #GCCLeaders #Leadership #Sustainability #ESG #Governance #NetZero #ETGCCWorld #GCCWeekly #Newsletter"
Circle K,,2025-10-31T05:50:50.286Z,Sunil Modi; Sushant Bhushan,linkedin_metadata,https://www.linkedin.com/posts/et-gcc_gcc-globalcapabilitycentres-gccleaders-activity-7389901646614585344-H7PL,"""We know the science of how it needs to be done, and they know the art. That makes a great combination of working as one global team that really defines how we are making an impact,"" said Sushant Bhushan, India GCC Leader at Circle K.

Artificial intelligence is also a growing area of focus for Vanderlande as it looks to expand its offerings across global operations.

“This is the time of artificial intelligence. We are consistently upgrading our talent and are trying to challenge our current workforce to develop skill sets which circle around such technologies,” said Sunil Modi of Vanderlande.

Read the full story. 👇 
https://lnkd.in/gzVn-7wr

#GCC #GlobalCapabilityCentres #GCCLeaders #GCCHiring #AI #GCCNews #IndustryTrends #Talent #Engineering"
Chevron,Bengaluru,2025-11-07T11:28:53.844Z,Akshay Sahni; Saurabh Kumar,linkedin_metadata,https://www.linkedin.com/posts/et-gcc_gcc-globalcapabilitycentres-gccleaders-activity-7392523437082279936-iZHn,"Chevron’s next big energy play is in Bengaluru.

Dr. Akshay Sahni, Country Head at Chevron India, joins ET GCC Unplugged to talk about ENGINE, the billion-dollar innovation hub where India’s engineering talent meets global technology vision, digital twins, low-carbon solutions and the future of energy.

In conversation with Saurabh Kumar. 

Full episode out now. 👇 
https://lnkd.in/gCWXaGTX

#GCC #GlobalCapabilityCentres #GCCLeaders #Leadership #Chevron #Energy #Tech #GCCCommunity #GCCNews #GCCTrends #IndustryTrends #Podcast #GCCUnplugged #ETGCCWorld"
OpenGov Inc.,Pune,2025-11-03T10:43:20.932Z,Meghan Ranade,linkedin_metadata,https://www.linkedin.com/posts/et-gcc_gcc-opengov-globalcapabilitycentres-activity-7391062422956130304-1FTC,"“We have an incredibly talented group of people in India working together toward our shared mission — to power more effective and accountable government. I’m honored to help shape the future of this office and support the amazing team here,” said Meghan Ranade.

Ranade, who joined OpenGov Inc. in August 2020 as the first employee in India, most recently served as Director of Product Management, leading the development of the company’s financial solutions.

As site leader, his initial focus will be on expanding the Pune office into a global innovation hub, including adding new verticals across engineering, product, design, and operations.

Read the full story. 👇 
https://lnkd.in/gF3snNS4

#GCC #OpenGov #GlobalCapabilityCentres #GCCPune #GCCNews #IndustryTrends #Leadership #GCCLeaders #GCCCommunity"
GlobalFoundries,,2025-10-31T10:54:12.887Z,Jitendra Chaddah (JC); Saurabh Kumar,linkedin_metadata,https://www.linkedin.com/posts/et-gcc_gcc-gccunplugged-podcast-activity-7389977993856802816-kySl,"""The world runs on chips and India’s ready to build them.""

In this episode of GCC Unplugged, Jitendra Chaddah (JC), Managing Director & India Country Head at GlobalFoundries, shares what it takes to grow a $100B semiconductor ecosystem and how India is doubling the global growth rate in the chip industry.

From new materials to manufacturing scale and design excellence, he tells our host Saurabh Kumar about what’s next for India’s semiconductor story.

Full episode out now. 👇 

https://lnkd.in/gpwF5whv

#GCC #GCCUnplugged #Podcast #GlobalCapabilityCentres #GCCCommunity #IndustryTrends #AI #GCCNews #GlobalFoundries"
